-- phpMyAdmin SQL Dump
-- version 5.2.1
-- https://www.phpmyadmin.net/
--
-- Host: 127.0.0.1
-- Generation Time: Oct 27, 2025 at 09:59 AM
-- Server version: 10.4.32-MariaDB
-- PHP Version: 8.0.30

SET SQL_MODE = "NO_AUTO_VALUE_ON_ZERO";
START TRANSACTION;
SET time_zone = "+00:00";


/*!40101 SET @OLD_CHARACTER_SET_CLIENT=@@CHARACTER_SET_CLIENT */;
/*!40101 SET @OLD_CHARACTER_SET_RESULTS=@@CHARACTER_SET_RESULTS */;
/*!40101 SET @OLD_COLLATION_CONNECTION=@@COLLATION_CONNECTION */;
/*!40101 SET NAMES utf8mb4 */;

--
-- Database: `trimbookdb`
--

-- --------------------------------------------------------

--
-- Table structure for table `appointments`
--

CREATE TABLE `appointments` (
  `appointment_id` int(11) NOT NULL,
  `customer_user_id` int(11) NOT NULL,
  `barber_id` int(11) NOT NULL,
  `service_id` int(11) NOT NULL,
  `appointment_date` date NOT NULL,
  `appointment_time` time NOT NULL,
  `status` enum('pending','confirmed','completed','cancelled') DEFAULT 'pending',
  `created_at` timestamp NOT NULL DEFAULT current_timestamp()
) ENGINE=InnoDB DEFAULT CHARSET=utf8mb4 COLLATE=utf8mb4_general_ci;

--
-- Dumping data for table `appointments`
--

INSERT INTO `appointments` (`appointment_id`, `customer_user_id`, `barber_id`, `service_id`, `appointment_date`, `appointment_time`, `status`, `created_at`) VALUES
(1, 1, 1, 2, '2025-10-18', '10:00:00', 'completed', '2025-10-18 11:05:50'),
(2, 1, 1, 2, '2025-10-18', '09:30:00', 'completed', '2025-10-18 11:16:48'),
(3, 1, 1, 2, '2025-10-18', '09:30:00', 'completed', '2025-10-18 13:02:08'),
(4, 1, 1, 1, '2025-10-18', '09:00:00', 'cancelled', '2025-10-18 13:39:08'),
(5, 1, 3, 1, '2025-10-25', '09:30:00', 'cancelled', '2025-10-18 14:50:56'),
(6, 1, 2, 2, '2025-10-18', '09:30:00', 'completed', '2025-10-18 15:26:49'),
(7, 1, 2, 2, '2025-10-19', '18:00:00', 'cancelled', '2025-10-19 08:08:26'),
(8, 1, 2, 1, '2025-10-20', '18:00:00', 'cancelled', '2025-10-20 05:41:17'),
(9, 1, 1, 3, '2025-10-20', '09:00:00', 'cancelled', '2025-10-20 10:29:45'),
(10, 1, 1, 3, '2025-10-21', '09:30:00', 'completed', '2025-10-21 11:15:01'),
(11, 507, 1, 3, '2025-10-28', '09:30:00', 'confirmed', '2025-10-27 02:41:45');

-- --------------------------------------------------------

--
-- Table structure for table `barbers`
--

CREATE TABLE `barbers` (
  `barber_id` int(11) NOT NULL,
  `user_id` int(11) NOT NULL,
  `specialization` varchar(100) DEFAULT NULL,
  `experience_years` int(11) DEFAULT NULL
) ENGINE=InnoDB DEFAULT CHARSET=utf8mb4 COLLATE=utf8mb4_general_ci;

--
-- Dumping data for table `barbers`
--

INSERT INTO `barbers` (`barber_id`, `user_id`, `specialization`, `experience_years`) VALUES
(1, 2, 'Modern Haircut', 18),
(2, 3, 'Hairstyling', 5),
(3, 4, 'Kids Haircut', 5);

-- --------------------------------------------------------

--
-- Stand-in structure for view `barber_details`
-- (See below for the actual view)
--
CREATE TABLE `barber_details` (
`barber_id` int(11)
,`barber_name` varchar(101)
,`specialization` varchar(100)
,`experience_years` int(11)
);

-- --------------------------------------------------------

--
-- Table structure for table `feedback`
--

CREATE TABLE `feedback` (
  `feedback_id` int(11) NOT NULL,
  `appointment_id` int(11) NOT NULL,
  `customer_user_id` int(11) NOT NULL,
  `barber_id` int(11) NOT NULL,
  `rating` int(11) NOT NULL CHECK (`rating` >= 1 and `rating` <= 5),
  `comment` text DEFAULT NULL,
  `created_at` timestamp NOT NULL DEFAULT current_timestamp()
) ENGINE=InnoDB DEFAULT CHARSET=utf8mb4 COLLATE=utf8mb4_general_ci;

--
-- Dumping data for table `feedback`
--

INSERT INTO `feedback` (`feedback_id`, `appointment_id`, `customer_user_id`, `barber_id`, `rating`, `comment`, `created_at`) VALUES
(1, 1, 1, 1, 4, 'Good service!\n', '2025-10-20 06:06:49'),
(2, 10, 1, 1, 5, 'Ang galing tangina!', '2025-10-23 14:12:42');

-- --------------------------------------------------------

--
-- Table structure for table `password_reset_actions`
--

CREATE TABLE `password_reset_actions` (
  `id` int(11) NOT NULL,
  `request_id` int(11) NOT NULL,
  `admin_id` int(11) NOT NULL,
  `action` enum('viewed','resolved','reopened','deleted','noted') NOT NULL,
  `notes` text DEFAULT NULL,
  `action_at` timestamp NOT NULL DEFAULT current_timestamp()
) ENGINE=InnoDB DEFAULT CHARSET=utf8mb4 COLLATE=utf8mb4_unicode_ci;

--
-- Dumping data for table `password_reset_actions`
--

INSERT INTO `password_reset_actions` (`id`, `request_id`, `admin_id`, `action`, `notes`, `action_at`) VALUES
(1, 3, 1, 'resolved', NULL, '2025-10-26 04:57:38'),
(2, 3, 506, 'deleted', 'Soft deleted by admin', '2025-10-26 05:02:22'),
(3, 5, 506, 'deleted', 'Soft deleted by admin', '2025-10-27 03:34:29'),
(4, 4, 506, 'deleted', 'Soft deleted by admin', '2025-10-27 03:34:34'),
(5, 6, 506, 'deleted', 'Soft deleted by admin', '2025-10-27 03:36:50');

-- --------------------------------------------------------

--
-- Table structure for table `password_reset_requests`
--

CREATE TABLE `password_reset_requests` (
  `id` int(11) NOT NULL,
  `email` varchar(255) NOT NULL,
  `phone` varchar(20) DEFAULT NULL,
  `status` enum('pending','resolved') DEFAULT 'pending',
  `submitted_at` timestamp NOT NULL DEFAULT current_timestamp(),
  `resolved_at` timestamp NULL DEFAULT NULL,
  `resolved_by` int(11) DEFAULT NULL,
  `notes` text DEFAULT NULL,
  `ip_address` varchar(45) DEFAULT NULL,
  `user_agent` varchar(255) DEFAULT NULL,
  `deleted_at` timestamp NULL DEFAULT NULL,
  `deleted_by` int(11) DEFAULT NULL
) ENGINE=InnoDB DEFAULT CHARSET=utf8mb4 COLLATE=utf8mb4_unicode_ci;

--
-- Dumping data for table `password_reset_requests`
--

INSERT INTO `password_reset_requests` (`id`, `email`, `phone`, `status`, `submitted_at`, `resolved_at`, `resolved_by`, `notes`, `ip_address`, `user_agent`, `deleted_at`, `deleted_by`) VALUES
(1, 'kuyajune@example.com', NULL, 'pending', '2025-10-26 04:35:30', NULL, NULL, NULL, '', 'Mozilla/5.0 (Windows NT 10.0; Win64; x64) AppleWebKit/537.36 (KHTML, like Gecko) Chrome/141.0.0.0 Safari/537.36', NULL, NULL),
(2, 'ivfl.chen.up@example.com', NULL, 'pending', '2025-10-26 04:36:23', NULL, NULL, NULL, '::1', 'Mozilla/5.0 (Windows NT 10.0; Win64; x64) AppleWebKit/537.36 (KHTML, like Gecko) Chrome/141.0.0.0 Safari/537.36', NULL, NULL),
(3, 'brma.cervantes.up@phinmaed.com', NULL, 'resolved', '2025-10-26 04:36:59', '2025-10-26 04:57:38', 1, NULL, '::1', 'Mozilla/5.0 (Windows NT 10.0; Win64; x64) AppleWebKit/537.36 (KHTML, like Gecko) Chrome/141.0.0.0 Safari/537.36', '2025-10-26 05:02:22', 506),
(4, 'ghfhfhgfhgf@asdasd.com', NULL, 'pending', '2025-10-27 03:32:33', NULL, NULL, NULL, '::1', 'Mozilla/5.0 (Windows NT 10.0; Win64; x64) AppleWebKit/537.36 (KHTML, like Gecko) Chrome/141.0.0.0 Safari/537.36', '2025-10-27 03:34:34', 506),
(5, '1+1=@asd.com', NULL, 'pending', '2025-10-27 03:32:54', NULL, NULL, NULL, '::1', 'Mozilla/5.0 (Windows NT 10.0; Win64; x64) AppleWebKit/537.36 (KHTML, like Gecko) Chrome/141.0.0.0 Safari/537.36', '2025-10-27 03:34:29', 506),
(6, '123123@asdasdas.com', NULL, 'pending', '2025-10-27 03:34:54', NULL, NULL, NULL, '::1', 'Mozilla/5.0 (Windows NT 10.0; Win64; x64) AppleWebKit/537.36 (KHTML, like Gecko) Chrome/141.0.0.0 Safari/537.36', '2025-10-27 03:36:50', 506);

-- --------------------------------------------------------

--
-- Table structure for table `schedules`
--

CREATE TABLE `schedules` (
  `schedule_id` int(11) NOT NULL,
  `barber_id` int(11) NOT NULL,
  `day_of_week` enum('Monday','Tuesday','Wednesday','Thursday','Friday','Saturday','Sunday') DEFAULT NULL,
  `start_time` time DEFAULT NULL,
  `end_time` time DEFAULT NULL
) ENGINE=InnoDB DEFAULT CHARSET=utf8mb4 COLLATE=utf8mb4_general_ci;

--
-- Dumping data for table `schedules`
--

INSERT INTO `schedules` (`schedule_id`, `barber_id`, `day_of_week`, `start_time`, `end_time`) VALUES
(16, 3, 'Monday', '09:00:00', '18:00:00'),
(17, 3, 'Tuesday', '09:00:00', '18:00:00'),
(18, 3, 'Wednesday', '09:00:00', '18:00:00'),
(19, 3, 'Thursday', '09:00:00', '18:00:00'),
(20, 3, 'Friday', '09:00:00', '18:00:00'),
(21, 1, 'Monday', '09:00:00', '18:00:00'),
(22, 1, 'Tuesday', '09:00:00', '18:00:00'),
(23, 1, 'Wednesday', '09:00:00', '18:00:00'),
(24, 2, 'Monday', '09:00:00', '18:00:00'),
(25, 2, 'Tuesday', '09:00:00', '18:00:00'),
(26, 2, 'Wednesday', '09:00:00', '18:00:00'),
(27, 2, 'Thursday', '09:00:00', '18:00:00');

-- --------------------------------------------------------

--
-- Table structure for table `services`
--

CREATE TABLE `services` (
  `service_id` int(11) NOT NULL,
  `service_name` varchar(100) NOT NULL,
  `description` text DEFAULT NULL,
  `price` decimal(10,2) NOT NULL
) ENGINE=InnoDB DEFAULT CHARSET=utf8mb4 COLLATE=utf8mb4_general_ci;

--
-- Dumping data for table `services`
--

INSERT INTO `services` (`service_id`, `service_name`, `description`, `price`) VALUES
(1, 'Modern Haircut', '', 200.00),
(2, 'Classic Haircut', '', 200.00),
(3, 'Beard Styling', '', 300.00);

-- --------------------------------------------------------

--
-- Table structure for table `trimbook_contact`
--

CREATE TABLE `trimbook_contact` (
  `id` int(11) NOT NULL,
  `address` varchar(255) DEFAULT NULL,
  `phone` varchar(50) DEFAULT NULL,
  `email` varchar(100) DEFAULT NULL,
  `hours` varchar(100) DEFAULT NULL
) ENGINE=InnoDB DEFAULT CHARSET=utf8mb4 COLLATE=utf8mb4_general_ci;

--
-- Dumping data for table `trimbook_contact`
--

INSERT INTO `trimbook_contact` (`id`, `address`, `phone`, `email`, `hours`) VALUES
(1, 'Patayak, Sta.Barbara, Pangasinan', '09384396047', 'trimbookSB@example.com', '9:00 AM - 6:00 PM');

-- --------------------------------------------------------

--
-- Table structure for table `users`
--

CREATE TABLE `users` (
  `user_id` int(11) NOT NULL,
  `first_name` varchar(50) NOT NULL,
  `last_name` varchar(50) NOT NULL,
  `email` varchar(100) NOT NULL,
  `phone_no` varchar(20) DEFAULT NULL,
  `username` varchar(50) NOT NULL,
  `password` varchar(255) NOT NULL,
  `profile_photo` varchar(255) DEFAULT NULL,
  `user_type` enum('admin','barber','customer') NOT NULL,
  `created_at` timestamp NOT NULL DEFAULT current_timestamp()
) ENGINE=InnoDB DEFAULT CHARSET=utf8mb4 COLLATE=utf8mb4_general_ci;

--
-- Dumping data for table `users`
--

INSERT INTO `users` (`user_id`, `first_name`, `last_name`, `email`, `phone_no`, `username`, `password`, `profile_photo`, `user_type`, `created_at`) VALUES
(1, 'Brenan', 'Cervantes', 'brma.cervantes.up@phinmaed.com', '09384396042', 'brma789', '$2y$10$CN1a4KhFEh/.E1.UgJls2u9a04KXWFxkgfRXST.cdzhrCgpKG6z/6', NULL, 'customer', '2025-10-18 10:14:30'),
(2, 'Kuya', 'June', 'kuyajune@example.com', '09386399512', 'kuyaj24', '$2y$10$IpQRv5na.ukSdPyVLY9.hud/44zhLB5r5oTtVlitAMzrbDztAm.DK', 'uploads/profile_photos/barber_2_1760876004.webp', 'barber', '2025-10-18 10:17:10'),
(3, 'Stephanie', 'Mabalot', 'stephaniemb@example.com', '09386399513', 'stpnmblt', '$2y$10$8dCdcMSoKmRARw8XyGnxeumSmAhUmAkpBgQg/rFF3kl.kSoH.iFi6', 'uploads/profile_photos/barber_3_1760876010.jpg', 'barber', '2025-10-18 12:18:52'),
(4, 'Jomari', 'Lucena', 'janonglucena@example.com', '09386399514', 'janonglangto', '$2y$10$yy68yfCCkvh7Gb0YBHutbOxgng0lT.1QSFrHPeUEPHGYJFZRu9/yK', 'uploads/profile_photos/barber_4_1761223537.jpg', 'barber', '2025-10-18 14:39:23'),
(5, 'Ayban', 'Chen', 'ivfl.chen.up@example.com', '', 'sonnyhayes', '$2y$10$dMHjhgVAJ8Q4DBN/Hx3SN.iRfrvjSbgqLA2snLznEO/20VYcArEwy', NULL, 'customer', '2025-10-20 04:37:28'),
(6, 'Shane', 'Mack', 'shane.mack001@example.com', '09730979023', 'smack001', '$2b$12$rVZmfkN8sDcHTaB/HHXwQuZbU7FUAEVM6NYzHNCHw9MYEWNURycVi', NULL, 'customer', '2025-10-24 15:10:56'),
(7, 'Linda', 'Lewis', 'linda.lewis002@example.com', '09622710067', 'llewis002', '$2b$12$rVZmfkN8sDcHTaB/HHXwQuZbU7FUAEVM6NYzHNCHw9MYEWNURycVi', NULL, 'customer', '2025-10-24 15:10:56'),
(8, 'Robert', 'Morris', 'robert.morris003@example.com', '09536971626', 'rmorris003', '$2b$12$rVZmfkN8sDcHTaB/HHXwQuZbU7FUAEVM6NYzHNCHw9MYEWNURycVi', NULL, 'customer', '2025-10-24 15:10:56'),
(9, 'Dana', 'Banks', 'dana.banks004@example.com', '09905264414', 'dbanks004', '$2b$12$rVZmfkN8sDcHTaB/HHXwQuZbU7FUAEVM6NYzHNCHw9MYEWNURycVi', NULL, 'customer', '2025-10-24 15:10:56'),
(10, 'Lisa', 'Chen', 'lisa.chen005@example.com', '09249496935', 'lchen005', '$2b$12$rVZmfkN8sDcHTaB/HHXwQuZbU7FUAEVM6NYzHNCHw9MYEWNURycVi', NULL, 'customer', '2025-10-24 15:10:56'),
(11, 'Louis', 'Gonzales', 'louis.gonzales006@example.com', '09533547536', 'lgonzales006', '$2b$12$rVZmfkN8sDcHTaB/HHXwQuZbU7FUAEVM6NYzHNCHw9MYEWNURycVi', NULL, 'customer', '2025-10-24 15:10:56'),
(12, 'Jamie', 'Benton', 'jamie.benton007@example.com', '09471077407', 'jbenton007', '$2b$12$rVZmfkN8sDcHTaB/HHXwQuZbU7FUAEVM6NYzHNCHw9MYEWNURycVi', NULL, 'customer', '2025-10-24 15:10:56'),
(13, 'Richard', 'Jones', 'richard.jones008@example.com', '09783220347', 'rjones008', '$2b$12$rVZmfkN8sDcHTaB/HHXwQuZbU7FUAEVM6NYzHNCHw9MYEWNURycVi', NULL, 'customer', '2025-10-24 15:10:56'),
(14, 'Elaine', 'Fisher', 'elaine.fisher009@example.com', '09588711040', 'efisher009', '$2b$12$rVZmfkN8sDcHTaB/HHXwQuZbU7FUAEVM6NYzHNCHw9MYEWNURycVi', NULL, 'customer', '2025-10-24 15:10:56'),
(15, 'Lawrence', 'Benitez', 'lawrence.benitez010@example.com', '09641269502', 'lbenitez010', '$2b$12$rVZmfkN8sDcHTaB/HHXwQuZbU7FUAEVM6NYzHNCHw9MYEWNURycVi', NULL, 'customer', '2025-10-24 15:10:56'),
(16, 'Kimberly', 'Hoover', 'kimberly.hoover011@example.com', '09338825586', 'khoover011', '$2b$12$rVZmfkN8sDcHTaB/HHXwQuZbU7FUAEVM6NYzHNCHw9MYEWNURycVi', NULL, 'customer', '2025-10-24 15:10:56'),
(17, 'Andrew', 'Martin', 'andrew.martin012@example.com', '09900650066', 'amartin012', '$2b$12$rVZmfkN8sDcHTaB/HHXwQuZbU7FUAEVM6NYzHNCHw9MYEWNURycVi', NULL, 'customer', '2025-10-24 15:10:56'),
(18, 'Cynthia', 'Hickman', 'cynthia.hickman013@example.com', '09807119560', 'chickman013', '$2b$12$rVZmfkN8sDcHTaB/HHXwQuZbU7FUAEVM6NYzHNCHw9MYEWNURycVi', NULL, 'customer', '2025-10-24 15:10:56'),
(19, 'Cassandra', 'Roberson', 'cassandra.roberson014@example.com', '09164020056', 'croberson014', '$2b$12$rVZmfkN8sDcHTaB/HHXwQuZbU7FUAEVM6NYzHNCHw9MYEWNURycVi', NULL, 'customer', '2025-10-24 15:10:56'),
(20, 'Jennifer', 'Wells', 'jennifer.wells015@example.com', '09648358799', 'jwells015', '$2b$12$rVZmfkN8sDcHTaB/HHXwQuZbU7FUAEVM6NYzHNCHw9MYEWNURycVi', NULL, 'customer', '2025-10-24 15:10:56'),
(21, 'Joanne', 'Patterson', 'joanne.patterson016@example.com', '09763480917', 'jpatterson016', '$2b$12$rVZmfkN8sDcHTaB/HHXwQuZbU7FUAEVM6NYzHNCHw9MYEWNURycVi', NULL, 'customer', '2025-10-24 15:10:56'),
(22, 'Mason', 'Gomez', 'mason.gomez017@example.com', '09690277141', 'mgomez017', '$2b$12$rVZmfkN8sDcHTaB/HHXwQuZbU7FUAEVM6NYzHNCHw9MYEWNURycVi', NULL, 'customer', '2025-10-24 15:10:56'),
(23, 'Troy', 'Little', 'troy.little018@example.com', '09622197787', 'tlittle018', '$2b$12$rVZmfkN8sDcHTaB/HHXwQuZbU7FUAEVM6NYzHNCHw9MYEWNURycVi', NULL, 'customer', '2025-10-24 15:10:56'),
(24, 'Christopher', 'Banks', 'christopher.banks019@example.com', '09497386245', 'cbanks019', '$2b$12$rVZmfkN8sDcHTaB/HHXwQuZbU7FUAEVM6NYzHNCHw9MYEWNURycVi', NULL, 'customer', '2025-10-24 15:10:56'),
(25, 'Robert', 'Rhodes', 'robert.rhodes020@example.com', '09540636690', 'rrhodes020', '$2b$12$rVZmfkN8sDcHTaB/HHXwQuZbU7FUAEVM6NYzHNCHw9MYEWNURycVi', NULL, 'customer', '2025-10-24 15:10:56'),
(26, 'Sharon', 'Mason', 'sharon.mason021@example.com', '09512386824', 'smason021', '$2b$12$rVZmfkN8sDcHTaB/HHXwQuZbU7FUAEVM6NYzHNCHw9MYEWNURycVi', NULL, 'customer', '2025-10-24 15:10:56'),
(27, 'Aaron', 'Gordon', 'aaron.gordon022@example.com', '09712984134', 'agordon022', '$2b$12$rVZmfkN8sDcHTaB/HHXwQuZbU7FUAEVM6NYzHNCHw9MYEWNURycVi', NULL, 'customer', '2025-10-24 15:10:56'),
(28, 'Travis', 'Robinson', 'travis.robinson023@example.com', '09391279099', 'trobinson023', '$2b$12$rVZmfkN8sDcHTaB/HHXwQuZbU7FUAEVM6NYzHNCHw9MYEWNURycVi', NULL, 'customer', '2025-10-24 15:10:56'),
(29, 'Jennifer', 'Robles', 'jennifer.robles024@example.com', '09893373428', 'jrobles024', '$2b$12$rVZmfkN8sDcHTaB/HHXwQuZbU7FUAEVM6NYzHNCHw9MYEWNURycVi', NULL, 'customer', '2025-10-24 15:10:56'),
(30, 'Jennifer', 'Myers', 'jennifer.myers025@example.com', '09147610968', 'jmyers025', '$2b$12$rVZmfkN8sDcHTaB/HHXwQuZbU7FUAEVM6NYzHNCHw9MYEWNURycVi', NULL, 'customer', '2025-10-24 15:10:56'),
(31, 'John', 'Cox', 'john.cox026@example.com', '09265483794', 'jcox026', '$2b$12$rVZmfkN8sDcHTaB/HHXwQuZbU7FUAEVM6NYzHNCHw9MYEWNURycVi', NULL, 'customer', '2025-10-24 15:10:56'),
(32, 'Rebecca', 'Smith', 'rebecca.smith027@example.com', '09193213448', 'rsmith027', '$2b$12$rVZmfkN8sDcHTaB/HHXwQuZbU7FUAEVM6NYzHNCHw9MYEWNURycVi', NULL, 'customer', '2025-10-24 15:10:56'),
(33, 'Tammy', 'Baker', 'tammy.baker028@example.com', '09782529837', 'tbaker028', '$2b$12$rVZmfkN8sDcHTaB/HHXwQuZbU7FUAEVM6NYzHNCHw9MYEWNURycVi', NULL, 'customer', '2025-10-24 15:10:56'),
(34, 'Patricia', 'Copeland', 'patricia.copeland029@example.com', '09208698463', 'pcopeland029', '$2b$12$rVZmfkN8sDcHTaB/HHXwQuZbU7FUAEVM6NYzHNCHw9MYEWNURycVi', NULL, 'customer', '2025-10-24 15:10:56'),
(35, 'Robert', 'Gardner', 'robert.gardner030@example.com', '09427456750', 'rgardner030', '$2b$12$rVZmfkN8sDcHTaB/HHXwQuZbU7FUAEVM6NYzHNCHw9MYEWNURycVi', NULL, 'customer', '2025-10-24 15:10:57'),
(36, 'Michele', 'Larsen', 'michele.larsen031@example.com', '09528493628', 'mlarsen031', '$2b$12$rVZmfkN8sDcHTaB/HHXwQuZbU7FUAEVM6NYzHNCHw9MYEWNURycVi', NULL, 'customer', '2025-10-24 15:10:57'),
(37, 'Heidi', 'Sanchez', 'heidi.sanchez032@example.com', '09356996541', 'hsanchez032', '$2b$12$rVZmfkN8sDcHTaB/HHXwQuZbU7FUAEVM6NYzHNCHw9MYEWNURycVi', NULL, 'customer', '2025-10-24 15:10:57'),
(38, 'Michele', 'Schmidt', 'michele.schmidt033@example.com', '09962001517', 'mschmidt033', '$2b$12$rVZmfkN8sDcHTaB/HHXwQuZbU7FUAEVM6NYzHNCHw9MYEWNURycVi', NULL, 'customer', '2025-10-24 15:10:57'),
(39, 'Jared', 'Hayes', 'jared.hayes034@example.com', '09197952898', 'jhayes034', '$2b$12$rVZmfkN8sDcHTaB/HHXwQuZbU7FUAEVM6NYzHNCHw9MYEWNURycVi', NULL, 'customer', '2025-10-24 15:10:57'),
(40, 'Larry', 'Schroeder', 'larry.schroeder035@example.com', '09990536901', 'lschroeder035', '$2b$12$rVZmfkN8sDcHTaB/HHXwQuZbU7FUAEVM6NYzHNCHw9MYEWNURycVi', NULL, 'customer', '2025-10-24 15:10:57'),
(41, 'Jennifer', 'Lee', 'jennifer.lee036@example.com', '09731022372', 'jlee036', '$2b$12$rVZmfkN8sDcHTaB/HHXwQuZbU7FUAEVM6NYzHNCHw9MYEWNURycVi', NULL, 'customer', '2025-10-24 15:10:57'),
(42, 'Cindy', 'Jenkins', 'cindy.jenkins037@example.com', '09666291406', 'cjenkins037', '$2b$12$rVZmfkN8sDcHTaB/HHXwQuZbU7FUAEVM6NYzHNCHw9MYEWNURycVi', NULL, 'customer', '2025-10-24 15:10:57'),
(43, 'John', 'Massey', 'john.massey038@example.com', '09647581947', 'jmassey038', '$2b$12$rVZmfkN8sDcHTaB/HHXwQuZbU7FUAEVM6NYzHNCHw9MYEWNURycVi', NULL, 'customer', '2025-10-24 15:10:57'),
(44, 'Deborah', 'West', 'deborah.west039@example.com', '09863400167', 'dwest039', '$2b$12$rVZmfkN8sDcHTaB/HHXwQuZbU7FUAEVM6NYzHNCHw9MYEWNURycVi', NULL, 'customer', '2025-10-24 15:10:57'),
(45, 'Michael', 'Garcia', 'michael.garcia040@example.com', '09111923481', 'mgarcia040', '$2b$12$rVZmfkN8sDcHTaB/HHXwQuZbU7FUAEVM6NYzHNCHw9MYEWNURycVi', NULL, 'customer', '2025-10-24 15:10:57'),
(46, 'Ryan', 'Harmon', 'ryan.harmon041@example.com', '09306092237', 'rharmon041', '$2b$12$rVZmfkN8sDcHTaB/HHXwQuZbU7FUAEVM6NYzHNCHw9MYEWNURycVi', NULL, 'customer', '2025-10-24 15:10:57'),
(47, 'Carla', 'Howard', 'carla.howard042@example.com', '09872313818', 'choward042', '$2b$12$rVZmfkN8sDcHTaB/HHXwQuZbU7FUAEVM6NYzHNCHw9MYEWNURycVi', NULL, 'customer', '2025-10-24 15:10:57'),
(48, 'Lisa', 'Smith', 'lisa.smith043@example.com', '09480984111', 'lsmith043', '$2b$12$rVZmfkN8sDcHTaB/HHXwQuZbU7FUAEVM6NYzHNCHw9MYEWNURycVi', NULL, 'customer', '2025-10-24 15:10:57'),
(49, 'Allison', 'Wells', 'allison.wells044@example.com', '09303418819', 'awells044', '$2b$12$rVZmfkN8sDcHTaB/HHXwQuZbU7FUAEVM6NYzHNCHw9MYEWNURycVi', NULL, 'customer', '2025-10-24 15:10:57'),
(50, 'Nicole', 'Davis', 'nicole.davis045@example.com', '09119291824', 'ndavis045', '$2b$12$rVZmfkN8sDcHTaB/HHXwQuZbU7FUAEVM6NYzHNCHw9MYEWNURycVi', NULL, 'customer', '2025-10-24 15:10:57'),
(51, 'Susan', 'Williams', 'susan.williams046@example.com', '09397840566', 'swilliams046', '$2b$12$rVZmfkN8sDcHTaB/HHXwQuZbU7FUAEVM6NYzHNCHw9MYEWNURycVi', NULL, 'customer', '2025-10-24 15:10:57'),
(52, 'Brandi', 'White', 'brandi.white047@example.com', '09748227951', 'bwhite047', '$2b$12$rVZmfkN8sDcHTaB/HHXwQuZbU7FUAEVM6NYzHNCHw9MYEWNURycVi', NULL, 'customer', '2025-10-24 15:10:57'),
(53, 'Bobby', 'Anderson', 'bobby.anderson048@example.com', '09309941019', 'banderson048', '$2b$12$rVZmfkN8sDcHTaB/HHXwQuZbU7FUAEVM6NYzHNCHw9MYEWNURycVi', NULL, 'customer', '2025-10-24 15:10:57'),
(54, 'Michael', 'Small', 'michael.small049@example.com', '09659957569', 'msmall049', '$2b$12$rVZmfkN8sDcHTaB/HHXwQuZbU7FUAEVM6NYzHNCHw9MYEWNURycVi', NULL, 'customer', '2025-10-24 15:10:57'),
(55, 'Arthur', 'Curtis', 'arthur.curtis050@example.com', '09253920693', 'acurtis050', '$2b$12$rVZmfkN8sDcHTaB/HHXwQuZbU7FUAEVM6NYzHNCHw9MYEWNURycVi', NULL, 'customer', '2025-10-24 15:10:57'),
(56, 'Melissa', 'Hansen', 'melissa.hansen051@example.com', '09856622245', 'mhansen051', '$2b$12$rVZmfkN8sDcHTaB/HHXwQuZbU7FUAEVM6NYzHNCHw9MYEWNURycVi', NULL, 'customer', '2025-10-24 15:10:57'),
(57, 'Derrick', 'Palmer', 'derrick.palmer052@example.com', '09621670103', 'dpalmer052', '$2b$12$rVZmfkN8sDcHTaB/HHXwQuZbU7FUAEVM6NYzHNCHw9MYEWNURycVi', NULL, 'customer', '2025-10-24 15:10:57'),
(58, 'Ashley', 'Haynes', 'ashley.haynes053@example.com', '09627594413', 'ahaynes053', '$2b$12$rVZmfkN8sDcHTaB/HHXwQuZbU7FUAEVM6NYzHNCHw9MYEWNURycVi', NULL, 'customer', '2025-10-24 15:10:57'),
(59, 'Joseph', 'Pham', 'joseph.pham054@example.com', '09231127362', 'jpham054', '$2b$12$rVZmfkN8sDcHTaB/HHXwQuZbU7FUAEVM6NYzHNCHw9MYEWNURycVi', NULL, 'customer', '2025-10-24 15:10:57'),
(60, 'Zoe', 'Davis', 'zoe.davis055@example.com', '09457006064', 'zdavis055', '$2b$12$rVZmfkN8sDcHTaB/HHXwQuZbU7FUAEVM6NYzHNCHw9MYEWNURycVi', NULL, 'customer', '2025-10-24 15:10:57'),
(61, 'Kevin', 'Wood', 'kevin.wood056@example.com', '09850834205', 'kwood056', '$2b$12$rVZmfkN8sDcHTaB/HHXwQuZbU7FUAEVM6NYzHNCHw9MYEWNURycVi', NULL, 'customer', '2025-10-24 15:10:57'),
(62, 'Timothy', 'Johnson', 'timothy.johnson057@example.com', '09660598124', 'tjohnson057', '$2b$12$rVZmfkN8sDcHTaB/HHXwQuZbU7FUAEVM6NYzHNCHw9MYEWNURycVi', NULL, 'customer', '2025-10-24 15:10:57'),
(63, 'Matthew', 'Moreno', 'matthew.moreno058@example.com', '09187532636', 'mmoreno058', '$2b$12$rVZmfkN8sDcHTaB/HHXwQuZbU7FUAEVM6NYzHNCHw9MYEWNURycVi', NULL, 'customer', '2025-10-24 15:10:57'),
(64, 'John', 'Weber', 'john.weber059@example.com', '09665450135', 'jweber059', '$2b$12$rVZmfkN8sDcHTaB/HHXwQuZbU7FUAEVM6NYzHNCHw9MYEWNURycVi', NULL, 'customer', '2025-10-24 15:10:57'),
(65, 'Nancy', 'Short', 'nancy.short060@example.com', '09893194944', 'nshort060', '$2b$12$rVZmfkN8sDcHTaB/HHXwQuZbU7FUAEVM6NYzHNCHw9MYEWNURycVi', NULL, 'customer', '2025-10-24 15:10:57'),
(66, 'John', 'Ward', 'john.ward061@example.com', '09590859039', 'jward061', '$2b$12$rVZmfkN8sDcHTaB/HHXwQuZbU7FUAEVM6NYzHNCHw9MYEWNURycVi', NULL, 'customer', '2025-10-24 15:10:57'),
(67, 'Jill', 'Wright', 'jill.wright062@example.com', '09715848814', 'jwright062', '$2b$12$rVZmfkN8sDcHTaB/HHXwQuZbU7FUAEVM6NYzHNCHw9MYEWNURycVi', NULL, 'customer', '2025-10-24 15:10:57'),
(68, 'Monica', 'Smith', 'monica.smith063@example.com', '09972978867', 'msmith063', '$2b$12$rVZmfkN8sDcHTaB/HHXwQuZbU7FUAEVM6NYzHNCHw9MYEWNURycVi', NULL, 'customer', '2025-10-24 15:10:57'),
(69, 'Jill', 'Parker', 'jill.parker064@example.com', '09314240073', 'jparker064', '$2b$12$rVZmfkN8sDcHTaB/HHXwQuZbU7FUAEVM6NYzHNCHw9MYEWNURycVi', NULL, 'customer', '2025-10-24 15:10:57'),
(70, 'Catherine', 'Brown', 'catherine.brown065@example.com', '09450061739', 'cbrown065', '$2b$12$rVZmfkN8sDcHTaB/HHXwQuZbU7FUAEVM6NYzHNCHw9MYEWNURycVi', NULL, 'customer', '2025-10-24 15:10:57'),
(71, 'James', 'Adams', 'james.adams066@example.com', '09304214665', 'jadams066', '$2b$12$rVZmfkN8sDcHTaB/HHXwQuZbU7FUAEVM6NYzHNCHw9MYEWNURycVi', NULL, 'customer', '2025-10-24 15:10:57'),
(72, 'Jesse', 'Nguyen', 'jesse.nguyen067@example.com', '09199314233', 'jnguyen067', '$2b$12$rVZmfkN8sDcHTaB/HHXwQuZbU7FUAEVM6NYzHNCHw9MYEWNURycVi', NULL, 'customer', '2025-10-24 15:10:57'),
(73, 'James', 'Jones', 'james.jones068@example.com', '09883630351', 'jjones068', '$2b$12$rVZmfkN8sDcHTaB/HHXwQuZbU7FUAEVM6NYzHNCHw9MYEWNURycVi', NULL, 'customer', '2025-10-24 15:10:57'),
(74, 'Jessica', 'Sanchez', 'jessica.sanchez069@example.com', '09467643355', 'jsanchez069', '$2b$12$rVZmfkN8sDcHTaB/HHXwQuZbU7FUAEVM6NYzHNCHw9MYEWNURycVi', NULL, 'customer', '2025-10-24 15:10:57'),
(75, 'Christina', 'Warren', 'christina.warren070@example.com', '09922374452', 'cwarren070', '$2b$12$rVZmfkN8sDcHTaB/HHXwQuZbU7FUAEVM6NYzHNCHw9MYEWNURycVi', NULL, 'customer', '2025-10-24 15:10:57'),
(76, 'Brittany', 'Wright', 'brittany.wright071@example.com', '09976561422', 'bwright071', '$2b$12$rVZmfkN8sDcHTaB/HHXwQuZbU7FUAEVM6NYzHNCHw9MYEWNURycVi', NULL, 'customer', '2025-10-24 15:10:57'),
(77, 'Noah', 'Smith', 'noah.smith072@example.com', '09686892024', 'nsmith072', '$2b$12$rVZmfkN8sDcHTaB/HHXwQuZbU7FUAEVM6NYzHNCHw9MYEWNURycVi', NULL, 'customer', '2025-10-24 15:10:57'),
(78, 'Scott', 'Lewis', 'scott.lewis073@example.com', '09328309078', 'slewis073', '$2b$12$rVZmfkN8sDcHTaB/HHXwQuZbU7FUAEVM6NYzHNCHw9MYEWNURycVi', NULL, 'customer', '2025-10-24 15:10:57'),
(79, 'Marie', 'Pugh', 'marie.pugh074@example.com', '09309786316', 'mpugh074', '$2b$12$rVZmfkN8sDcHTaB/HHXwQuZbU7FUAEVM6NYzHNCHw9MYEWNURycVi', NULL, 'customer', '2025-10-24 15:10:57'),
(80, 'James', 'Pena', 'james.pena075@example.com', '09425893092', 'jpena075', '$2b$12$rVZmfkN8sDcHTaB/HHXwQuZbU7FUAEVM6NYzHNCHw9MYEWNURycVi', NULL, 'customer', '2025-10-24 15:10:57'),
(81, 'Melissa', 'Harris', 'melissa.harris076@example.com', '09418408429', 'mharris076', '$2b$12$rVZmfkN8sDcHTaB/HHXwQuZbU7FUAEVM6NYzHNCHw9MYEWNURycVi', NULL, 'customer', '2025-10-24 15:10:57'),
(82, 'Raymond', 'Farrell', 'raymond.farrell077@example.com', '09665911205', 'rfarrell077', '$2b$12$rVZmfkN8sDcHTaB/HHXwQuZbU7FUAEVM6NYzHNCHw9MYEWNURycVi', NULL, 'customer', '2025-10-24 15:10:57'),
(83, 'Jonathan', 'Taylor', 'jonathan.taylor078@example.com', '09912681437', 'jtaylor078', '$2b$12$rVZmfkN8sDcHTaB/HHXwQuZbU7FUAEVM6NYzHNCHw9MYEWNURycVi', NULL, 'customer', '2025-10-24 15:10:57'),
(84, 'Monica', 'Stone', 'monica.stone079@example.com', '09905200150', 'mstone079', '$2b$12$rVZmfkN8sDcHTaB/HHXwQuZbU7FUAEVM6NYzHNCHw9MYEWNURycVi', NULL, 'customer', '2025-10-24 15:10:57'),
(85, 'David', 'Brown', 'david.brown080@example.com', '09620248120', 'dbrown080', '$2b$12$rVZmfkN8sDcHTaB/HHXwQuZbU7FUAEVM6NYzHNCHw9MYEWNURycVi', NULL, 'customer', '2025-10-24 15:10:57'),
(86, 'Justin', 'George', 'justin.george081@example.com', '09829529870', 'jgeorge081', '$2b$12$rVZmfkN8sDcHTaB/HHXwQuZbU7FUAEVM6NYzHNCHw9MYEWNURycVi', NULL, 'customer', '2025-10-24 15:10:57'),
(87, 'Tiffany', 'Holloway', 'tiffany.holloway082@example.com', '09613768913', 'tholloway082', '$2b$12$rVZmfkN8sDcHTaB/HHXwQuZbU7FUAEVM6NYzHNCHw9MYEWNURycVi', NULL, 'customer', '2025-10-24 15:10:57'),
(88, 'Valerie', 'Lee', 'valerie.lee083@example.com', '09180299744', 'vlee083', '$2b$12$rVZmfkN8sDcHTaB/HHXwQuZbU7FUAEVM6NYzHNCHw9MYEWNURycVi', NULL, 'customer', '2025-10-24 15:10:57'),
(89, 'Tracy', 'Jordan', 'tracy.jordan084@example.com', '09896375970', 'tjordan084', '$2b$12$rVZmfkN8sDcHTaB/HHXwQuZbU7FUAEVM6NYzHNCHw9MYEWNURycVi', NULL, 'customer', '2025-10-24 15:10:57'),
(90, 'Sara', 'Madden', 'sara.madden085@example.com', '09668711213', 'smadden085', '$2b$12$rVZmfkN8sDcHTaB/HHXwQuZbU7FUAEVM6NYzHNCHw9MYEWNURycVi', NULL, 'customer', '2025-10-24 15:10:57'),
(91, 'Craig', 'Herrera', 'craig.herrera086@example.com', '09868805779', 'cherrera086', '$2b$12$rVZmfkN8sDcHTaB/HHXwQuZbU7FUAEVM6NYzHNCHw9MYEWNURycVi', NULL, 'customer', '2025-10-24 15:10:57'),
(92, 'Janet', 'Brown', 'janet.brown087@example.com', '09136629676', 'jbrown087', '$2b$12$rVZmfkN8sDcHTaB/HHXwQuZbU7FUAEVM6NYzHNCHw9MYEWNURycVi', NULL, 'customer', '2025-10-24 15:10:57'),
(93, 'Crystal', 'Nguyen', 'crystal.nguyen088@example.com', '09132777224', 'cnguyen088', '$2b$12$rVZmfkN8sDcHTaB/HHXwQuZbU7FUAEVM6NYzHNCHw9MYEWNURycVi', NULL, 'customer', '2025-10-24 15:10:57'),
(94, 'Kathryn', 'Perez', 'kathryn.perez089@example.com', '09409913684', 'kperez089', '$2b$12$rVZmfkN8sDcHTaB/HHXwQuZbU7FUAEVM6NYzHNCHw9MYEWNURycVi', NULL, 'customer', '2025-10-24 15:10:57'),
(95, 'Kathleen', 'Avery', 'kathleen.avery090@example.com', '09337916923', 'kavery090', '$2b$12$rVZmfkN8sDcHTaB/HHXwQuZbU7FUAEVM6NYzHNCHw9MYEWNURycVi', NULL, 'customer', '2025-10-24 15:10:57'),
(96, 'Nicholas', 'Duran', 'nicholas.duran091@example.com', '09639391270', 'nduran091', '$2b$12$rVZmfkN8sDcHTaB/HHXwQuZbU7FUAEVM6NYzHNCHw9MYEWNURycVi', NULL, 'customer', '2025-10-24 15:10:57'),
(97, 'Travis', 'Reynolds', 'travis.reynolds092@example.com', '09100537715', 'treynolds092', '$2b$12$rVZmfkN8sDcHTaB/HHXwQuZbU7FUAEVM6NYzHNCHw9MYEWNURycVi', NULL, 'customer', '2025-10-24 15:10:57'),
(98, 'Charles', 'Simpson', 'charles.simpson093@example.com', '09732729972', 'csimpson093', '$2b$12$rVZmfkN8sDcHTaB/HHXwQuZbU7FUAEVM6NYzHNCHw9MYEWNURycVi', NULL, 'customer', '2025-10-24 15:10:57'),
(99, 'Courtney', 'Johnson', 'courtney.johnson094@example.com', '09478106686', 'cjohnson094', '$2b$12$rVZmfkN8sDcHTaB/HHXwQuZbU7FUAEVM6NYzHNCHw9MYEWNURycVi', NULL, 'customer', '2025-10-24 15:10:57'),
(100, 'Ricardo', 'Riddle', 'ricardo.riddle095@example.com', '09908301149', 'rriddle095', '$2b$12$rVZmfkN8sDcHTaB/HHXwQuZbU7FUAEVM6NYzHNCHw9MYEWNURycVi', NULL, 'customer', '2025-10-24 15:10:57'),
(101, 'Samantha', 'Horn', 'samantha.horn096@example.com', '09222615013', 'shorn096', '$2b$12$rVZmfkN8sDcHTaB/HHXwQuZbU7FUAEVM6NYzHNCHw9MYEWNURycVi', NULL, 'customer', '2025-10-24 15:10:57'),
(102, 'Geoffrey', 'Long', 'geoffrey.long097@example.com', '09185501437', 'glong097', '$2b$12$rVZmfkN8sDcHTaB/HHXwQuZbU7FUAEVM6NYzHNCHw9MYEWNURycVi', NULL, 'customer', '2025-10-24 15:10:57'),
(103, 'Joseph', 'Bradley', 'joseph.bradley098@example.com', '09300108216', 'jbradley098', '$2b$12$rVZmfkN8sDcHTaB/HHXwQuZbU7FUAEVM6NYzHNCHw9MYEWNURycVi', NULL, 'customer', '2025-10-24 15:10:57'),
(104, 'Tracy', 'Orozco', 'tracy.orozco099@example.com', '09893834827', 'torozco099', '$2b$12$rVZmfkN8sDcHTaB/HHXwQuZbU7FUAEVM6NYzHNCHw9MYEWNURycVi', NULL, 'customer', '2025-10-24 15:10:57'),
(105, 'Ashley', 'Khan', 'ashley.khan100@example.com', '09936141737', 'akhan100', '$2b$12$rVZmfkN8sDcHTaB/HHXwQuZbU7FUAEVM6NYzHNCHw9MYEWNURycVi', NULL, 'customer', '2025-10-24 15:10:57'),
(106, 'James', 'Warner', 'james.warner101@example.com', '09842341355', 'jwarner101', '$2b$12$rVZmfkN8sDcHTaB/HHXwQuZbU7FUAEVM6NYzHNCHw9MYEWNURycVi', NULL, 'customer', '2025-10-24 15:10:57'),
(107, 'Robert', 'Carpenter', 'robert.carpenter102@example.com', '09945585530', 'rcarpenter102', '$2b$12$rVZmfkN8sDcHTaB/HHXwQuZbU7FUAEVM6NYzHNCHw9MYEWNURycVi', NULL, 'customer', '2025-10-24 15:10:57'),
(108, 'Debbie', 'Williams', 'debbie.williams103@example.com', '09600269786', 'dwilliams103', '$2b$12$rVZmfkN8sDcHTaB/HHXwQuZbU7FUAEVM6NYzHNCHw9MYEWNURycVi', NULL, 'customer', '2025-10-24 15:10:57'),
(109, 'Jeremiah', 'Powers', 'jeremiah.powers104@example.com', '09973755896', 'jpowers104', '$2b$12$rVZmfkN8sDcHTaB/HHXwQuZbU7FUAEVM6NYzHNCHw9MYEWNURycVi', NULL, 'customer', '2025-10-24 15:10:57'),
(110, 'William', 'Martinez', 'william.martinez105@example.com', '09873714361', 'wmartinez105', '$2b$12$rVZmfkN8sDcHTaB/HHXwQuZbU7FUAEVM6NYzHNCHw9MYEWNURycVi', NULL, 'customer', '2025-10-24 15:10:57'),
(111, 'Scott', 'Wyatt', 'scott.wyatt106@example.com', '09911827301', 'swyatt106', '$2b$12$rVZmfkN8sDcHTaB/HHXwQuZbU7FUAEVM6NYzHNCHw9MYEWNURycVi', NULL, 'customer', '2025-10-24 15:10:57'),
(112, 'Logan', 'Booth', 'logan.booth107@example.com', '09135806332', 'lbooth107', '$2b$12$rVZmfkN8sDcHTaB/HHXwQuZbU7FUAEVM6NYzHNCHw9MYEWNURycVi', NULL, 'customer', '2025-10-24 15:10:57'),
(113, 'Michael', 'Boyd', 'michael.boyd108@example.com', '09837560695', 'mboyd108', '$2b$12$rVZmfkN8sDcHTaB/HHXwQuZbU7FUAEVM6NYzHNCHw9MYEWNURycVi', NULL, 'customer', '2025-10-24 15:10:57'),
(114, 'Tyler', 'Stephens', 'tyler.stephens109@example.com', '09564922297', 'tstephens109', '$2b$12$rVZmfkN8sDcHTaB/HHXwQuZbU7FUAEVM6NYzHNCHw9MYEWNURycVi', NULL, 'customer', '2025-10-24 15:10:57'),
(115, 'Tammy', 'Lee', 'tammy.lee110@example.com', '09395013835', 'tlee110', '$2b$12$rVZmfkN8sDcHTaB/HHXwQuZbU7FUAEVM6NYzHNCHw9MYEWNURycVi', NULL, 'customer', '2025-10-24 15:10:57'),
(116, 'Michelle', 'Romero', 'michelle.romero111@example.com', '09647117976', 'mromero111', '$2b$12$rVZmfkN8sDcHTaB/HHXwQuZbU7FUAEVM6NYzHNCHw9MYEWNURycVi', NULL, 'customer', '2025-10-24 15:10:57'),
(117, 'Ricky', 'Long', 'ricky.long112@example.com', '09670284705', 'rlong112', '$2b$12$rVZmfkN8sDcHTaB/HHXwQuZbU7FUAEVM6NYzHNCHw9MYEWNURycVi', NULL, 'customer', '2025-10-24 15:10:57'),
(118, 'Anthony', 'Webb', 'anthony.webb113@example.com', '09645313333', 'awebb113', '$2b$12$rVZmfkN8sDcHTaB/HHXwQuZbU7FUAEVM6NYzHNCHw9MYEWNURycVi', NULL, 'customer', '2025-10-24 15:10:57'),
(119, 'Samuel', 'Cooper', 'samuel.cooper114@example.com', '09993574732', 'scooper114', '$2b$12$rVZmfkN8sDcHTaB/HHXwQuZbU7FUAEVM6NYzHNCHw9MYEWNURycVi', NULL, 'customer', '2025-10-24 15:10:57'),
(120, 'Heather', 'Lewis', 'heather.lewis115@example.com', '09790286336', 'hlewis115', '$2b$12$rVZmfkN8sDcHTaB/HHXwQuZbU7FUAEVM6NYzHNCHw9MYEWNURycVi', NULL, 'customer', '2025-10-24 15:10:57'),
(121, 'Manuel', 'Anderson', 'manuel.anderson116@example.com', '09476165230', 'manderson116', '$2b$12$rVZmfkN8sDcHTaB/HHXwQuZbU7FUAEVM6NYzHNCHw9MYEWNURycVi', NULL, 'customer', '2025-10-24 15:10:57'),
(122, 'April', 'Lewis', 'april.lewis117@example.com', '09679403031', 'alewis117', '$2b$12$rVZmfkN8sDcHTaB/HHXwQuZbU7FUAEVM6NYzHNCHw9MYEWNURycVi', NULL, 'customer', '2025-10-24 15:10:57'),
(123, 'Daniel', 'Clayton', 'daniel.clayton118@example.com', '09466352202', 'dclayton118', '$2b$12$rVZmfkN8sDcHTaB/HHXwQuZbU7FUAEVM6NYzHNCHw9MYEWNURycVi', NULL, 'customer', '2025-10-24 15:10:57'),
(124, 'Miguel', 'Peters', 'miguel.peters119@example.com', '09985757564', 'mpeters119', '$2b$12$rVZmfkN8sDcHTaB/HHXwQuZbU7FUAEVM6NYzHNCHw9MYEWNURycVi', NULL, 'customer', '2025-10-24 15:10:57'),
(125, 'Tracy', 'Luna', 'tracy.luna120@example.com', '09739562762', 'tluna120', '$2b$12$rVZmfkN8sDcHTaB/HHXwQuZbU7FUAEVM6NYzHNCHw9MYEWNURycVi', NULL, 'customer', '2025-10-24 15:10:57'),
(126, 'Luke', 'Knight', 'luke.knight121@example.com', '09720821898', 'lknight121', '$2b$12$rVZmfkN8sDcHTaB/HHXwQuZbU7FUAEVM6NYzHNCHw9MYEWNURycVi', NULL, 'customer', '2025-10-24 15:10:57'),
(127, 'Jonathan', 'Harris', 'jonathan.harris122@example.com', '09469380421', 'jharris122', '$2b$12$rVZmfkN8sDcHTaB/HHXwQuZbU7FUAEVM6NYzHNCHw9MYEWNURycVi', NULL, 'customer', '2025-10-24 15:10:57'),
(128, 'Christopher', 'Dixon', 'christopher.dixon123@example.com', '09106776314', 'cdixon123', '$2b$12$rVZmfkN8sDcHTaB/HHXwQuZbU7FUAEVM6NYzHNCHw9MYEWNURycVi', NULL, 'customer', '2025-10-24 15:10:57'),
(129, 'Dennis', 'Cook', 'dennis.cook124@example.com', '09834071302', 'dcook124', '$2b$12$rVZmfkN8sDcHTaB/HHXwQuZbU7FUAEVM6NYzHNCHw9MYEWNURycVi', NULL, 'customer', '2025-10-24 15:10:57'),
(130, 'Cheyenne', 'Morgan', 'cheyenne.morgan125@example.com', '09382687521', 'cmorgan125', '$2b$12$rVZmfkN8sDcHTaB/HHXwQuZbU7FUAEVM6NYzHNCHw9MYEWNURycVi', NULL, 'customer', '2025-10-24 15:10:57'),
(131, 'John', 'Johnson', 'john.johnson126@example.com', '09869083492', 'jjohnson126', '$2b$12$rVZmfkN8sDcHTaB/HHXwQuZbU7FUAEVM6NYzHNCHw9MYEWNURycVi', NULL, 'customer', '2025-10-24 15:10:57'),
(132, 'William', 'Tucker', 'william.tucker127@example.com', '09608107097', 'wtucker127', '$2b$12$rVZmfkN8sDcHTaB/HHXwQuZbU7FUAEVM6NYzHNCHw9MYEWNURycVi', NULL, 'customer', '2025-10-24 15:10:57'),
(133, 'Joshua', 'Matthews', 'joshua.matthews128@example.com', '09878373825', 'jmatthews128', '$2b$12$rVZmfkN8sDcHTaB/HHXwQuZbU7FUAEVM6NYzHNCHw9MYEWNURycVi', NULL, 'customer', '2025-10-24 15:10:57'),
(134, 'Brian', 'Lee', 'brian.lee129@example.com', '09756457003', 'blee129', '$2b$12$rVZmfkN8sDcHTaB/HHXwQuZbU7FUAEVM6NYzHNCHw9MYEWNURycVi', NULL, 'customer', '2025-10-24 15:10:57'),
(135, 'Erin', 'Smith', 'erin.smith130@example.com', '09237631590', 'esmith130', '$2b$12$rVZmfkN8sDcHTaB/HHXwQuZbU7FUAEVM6NYzHNCHw9MYEWNURycVi', NULL, 'customer', '2025-10-24 15:10:57'),
(136, 'Doris', 'Wilson', 'doris.wilson131@example.com', '09799454071', 'dwilson131', '$2b$12$rVZmfkN8sDcHTaB/HHXwQuZbU7FUAEVM6NYzHNCHw9MYEWNURycVi', NULL, 'customer', '2025-10-24 15:10:57'),
(137, 'Lori', 'Davis', 'lori.davis132@example.com', '09380005775', 'ldavis132', '$2b$12$rVZmfkN8sDcHTaB/HHXwQuZbU7FUAEVM6NYzHNCHw9MYEWNURycVi', NULL, 'customer', '2025-10-24 15:10:57'),
(138, 'Julie', 'Arnold', 'julie.arnold133@example.com', '09390308143', 'jarnold133', '$2b$12$rVZmfkN8sDcHTaB/HHXwQuZbU7FUAEVM6NYzHNCHw9MYEWNURycVi', NULL, 'customer', '2025-10-24 15:10:57'),
(139, 'Aimee', 'Diaz', 'aimee.diaz134@example.com', '09825898305', 'adiaz134', '$2b$12$rVZmfkN8sDcHTaB/HHXwQuZbU7FUAEVM6NYzHNCHw9MYEWNURycVi', NULL, 'customer', '2025-10-24 15:10:57'),
(140, 'Vanessa', 'Hawkins', 'vanessa.hawkins135@example.com', '09382821227', 'vhawkins135', '$2b$12$rVZmfkN8sDcHTaB/HHXwQuZbU7FUAEVM6NYzHNCHw9MYEWNURycVi', NULL, 'customer', '2025-10-24 15:10:57'),
(141, 'Andrea', 'Wong', 'andrea.wong136@example.com', '09803458505', 'awong136', '$2b$12$rVZmfkN8sDcHTaB/HHXwQuZbU7FUAEVM6NYzHNCHw9MYEWNURycVi', NULL, 'customer', '2025-10-24 15:10:57'),
(142, 'Janet', 'Strickland', 'janet.strickland137@example.com', '09823807073', 'jstrickland137', '$2b$12$rVZmfkN8sDcHTaB/HHXwQuZbU7FUAEVM6NYzHNCHw9MYEWNURycVi', NULL, 'customer', '2025-10-24 15:10:57'),
(143, 'Jeremy', 'Donaldson', 'jeremy.donaldson138@example.com', '09796677001', 'jdonaldson138', '$2b$12$rVZmfkN8sDcHTaB/HHXwQuZbU7FUAEVM6NYzHNCHw9MYEWNURycVi', NULL, 'customer', '2025-10-24 15:10:57'),
(144, 'Brooke', 'Smith', 'brooke.smith139@example.com', '09407362179', 'bsmith139', '$2b$12$rVZmfkN8sDcHTaB/HHXwQuZbU7FUAEVM6NYzHNCHw9MYEWNURycVi', NULL, 'customer', '2025-10-24 15:10:57'),
(145, 'Amy', 'Fuller', 'amy.fuller140@example.com', '09552669721', 'afuller140', '$2b$12$rVZmfkN8sDcHTaB/HHXwQuZbU7FUAEVM6NYzHNCHw9MYEWNURycVi', NULL, 'customer', '2025-10-24 15:10:57'),
(146, 'Cathy', 'Bryant', 'cathy.bryant141@example.com', '09102862135', 'cbryant141', '$2b$12$rVZmfkN8sDcHTaB/HHXwQuZbU7FUAEVM6NYzHNCHw9MYEWNURycVi', NULL, 'customer', '2025-10-24 15:10:57'),
(147, 'Jeanne', 'Fischer', 'jeanne.fischer142@example.com', '09778067252', 'jfischer142', '$2b$12$rVZmfkN8sDcHTaB/HHXwQuZbU7FUAEVM6NYzHNCHw9MYEWNURycVi', NULL, 'customer', '2025-10-24 15:10:57'),
(148, 'Susan', 'Hernandez', 'susan.hernandez143@example.com', '09908010875', 'shernandez143', '$2b$12$rVZmfkN8sDcHTaB/HHXwQuZbU7FUAEVM6NYzHNCHw9MYEWNURycVi', NULL, 'customer', '2025-10-24 15:10:57'),
(149, 'Stephanie', 'Aguilar', 'stephanie.aguilar144@example.com', '09448379038', 'saguilar144', '$2b$12$rVZmfkN8sDcHTaB/HHXwQuZbU7FUAEVM6NYzHNCHw9MYEWNURycVi', NULL, 'customer', '2025-10-24 15:10:57'),
(150, 'John', 'Pollard', 'john.pollard145@example.com', '09520650777', 'jpollard145', '$2b$12$rVZmfkN8sDcHTaB/HHXwQuZbU7FUAEVM6NYzHNCHw9MYEWNURycVi', NULL, 'customer', '2025-10-24 15:10:57'),
(151, 'William', 'Raymond', 'william.raymond146@example.com', '09455640875', 'wraymond146', '$2b$12$rVZmfkN8sDcHTaB/HHXwQuZbU7FUAEVM6NYzHNCHw9MYEWNURycVi', NULL, 'customer', '2025-10-24 15:10:57'),
(152, 'Elizabeth', 'Clark', 'elizabeth.clark147@example.com', '09172308412', 'eclark147', '$2b$12$rVZmfkN8sDcHTaB/HHXwQuZbU7FUAEVM6NYzHNCHw9MYEWNURycVi', NULL, 'customer', '2025-10-24 15:10:57'),
(153, 'Samantha', 'Wood', 'samantha.wood148@example.com', '09285515357', 'swood148', '$2b$12$rVZmfkN8sDcHTaB/HHXwQuZbU7FUAEVM6NYzHNCHw9MYEWNURycVi', NULL, 'customer', '2025-10-24 15:10:57'),
(154, 'Angie', 'Sanchez', 'angie.sanchez149@example.com', '09990873371', 'asanchez149', '$2b$12$rVZmfkN8sDcHTaB/HHXwQuZbU7FUAEVM6NYzHNCHw9MYEWNURycVi', NULL, 'customer', '2025-10-24 15:10:57'),
(155, 'Cheryl', 'Dawson', 'cheryl.dawson150@example.com', '09362741882', 'cdawson150', '$2b$12$rVZmfkN8sDcHTaB/HHXwQuZbU7FUAEVM6NYzHNCHw9MYEWNURycVi', NULL, 'customer', '2025-10-24 15:10:57'),
(156, 'Jerry', 'Brown', 'jerry.brown151@example.com', '09118913334', 'jbrown151', '$2b$12$rVZmfkN8sDcHTaB/HHXwQuZbU7FUAEVM6NYzHNCHw9MYEWNURycVi', NULL, 'customer', '2025-10-24 15:10:57'),
(157, 'Matthew', 'Wolfe', 'matthew.wolfe152@example.com', '09999566694', 'mwolfe152', '$2b$12$rVZmfkN8sDcHTaB/HHXwQuZbU7FUAEVM6NYzHNCHw9MYEWNURycVi', NULL, 'customer', '2025-10-24 15:10:57'),
(158, 'Amy', 'Cohen', 'amy.cohen153@example.com', '09133266598', 'acohen153', '$2b$12$rVZmfkN8sDcHTaB/HHXwQuZbU7FUAEVM6NYzHNCHw9MYEWNURycVi', NULL, 'customer', '2025-10-24 15:10:57'),
(159, 'Debbie', 'Jacobs', 'debbie.jacobs154@example.com', '09305761140', 'djacobs154', '$2b$12$rVZmfkN8sDcHTaB/HHXwQuZbU7FUAEVM6NYzHNCHw9MYEWNURycVi', NULL, 'customer', '2025-10-24 15:10:57'),
(160, 'Amanda', 'Avila', 'amanda.avila155@example.com', '09302341513', 'aavila155', '$2b$12$rVZmfkN8sDcHTaB/HHXwQuZbU7FUAEVM6NYzHNCHw9MYEWNURycVi', NULL, 'customer', '2025-10-24 15:10:57'),
(161, 'Marvin', 'Simpson', 'marvin.simpson156@example.com', '09455716080', 'msimpson156', '$2b$12$rVZmfkN8sDcHTaB/HHXwQuZbU7FUAEVM6NYzHNCHw9MYEWNURycVi', NULL, 'customer', '2025-10-24 15:10:57'),
(162, 'Valerie', 'Garcia', 'valerie.garcia157@example.com', '09646052138', 'vgarcia157', '$2b$12$rVZmfkN8sDcHTaB/HHXwQuZbU7FUAEVM6NYzHNCHw9MYEWNURycVi', NULL, 'customer', '2025-10-24 15:10:57'),
(163, 'Frank', 'Jenkins', 'frank.jenkins158@example.com', '09153439298', 'fjenkins158', '$2b$12$rVZmfkN8sDcHTaB/HHXwQuZbU7FUAEVM6NYzHNCHw9MYEWNURycVi', NULL, 'customer', '2025-10-24 15:10:57'),
(164, 'Derek', 'Nguyen', 'derek.nguyen159@example.com', '09785813427', 'dnguyen159', '$2b$12$rVZmfkN8sDcHTaB/HHXwQuZbU7FUAEVM6NYzHNCHw9MYEWNURycVi', NULL, 'customer', '2025-10-24 15:10:57'),
(165, 'Jackie', 'Porter', 'jackie.porter160@example.com', '09536554065', 'jporter160', '$2b$12$rVZmfkN8sDcHTaB/HHXwQuZbU7FUAEVM6NYzHNCHw9MYEWNURycVi', NULL, 'customer', '2025-10-24 15:10:57'),
(166, 'Elizabeth', 'Grant', 'elizabeth.grant161@example.com', '09745081713', 'egrant161', '$2b$12$rVZmfkN8sDcHTaB/HHXwQuZbU7FUAEVM6NYzHNCHw9MYEWNURycVi', NULL, 'customer', '2025-10-24 15:10:57'),
(167, 'Rachel', 'Knight', 'rachel.knight162@example.com', '09921934485', 'rknight162', '$2b$12$rVZmfkN8sDcHTaB/HHXwQuZbU7FUAEVM6NYzHNCHw9MYEWNURycVi', NULL, 'customer', '2025-10-24 15:10:57'),
(168, 'Christopher', 'Berry', 'christopher.berry163@example.com', '09715633282', 'cberry163', '$2b$12$rVZmfkN8sDcHTaB/HHXwQuZbU7FUAEVM6NYzHNCHw9MYEWNURycVi', NULL, 'customer', '2025-10-24 15:10:57'),
(169, 'Lisa', 'Bartlett', 'lisa.bartlett164@example.com', '09276220208', 'lbartlett164', '$2b$12$rVZmfkN8sDcHTaB/HHXwQuZbU7FUAEVM6NYzHNCHw9MYEWNURycVi', NULL, 'customer', '2025-10-24 15:10:57'),
(170, 'Erin', 'Campbell', 'erin.campbell165@example.com', '09321526067', 'ecampbell165', '$2b$12$rVZmfkN8sDcHTaB/HHXwQuZbU7FUAEVM6NYzHNCHw9MYEWNURycVi', NULL, 'customer', '2025-10-24 15:10:57'),
(171, 'Brenda', 'Howard', 'brenda.howard166@example.com', '09716171123', 'bhoward166', '$2b$12$rVZmfkN8sDcHTaB/HHXwQuZbU7FUAEVM6NYzHNCHw9MYEWNURycVi', NULL, 'customer', '2025-10-24 15:10:57'),
(172, 'Amy', 'Grimes', 'amy.grimes167@example.com', '09605416677', 'agrimes167', '$2b$12$rVZmfkN8sDcHTaB/HHXwQuZbU7FUAEVM6NYzHNCHw9MYEWNURycVi', NULL, 'customer', '2025-10-24 15:10:57'),
(173, 'Sierra', 'Hawkins', 'sierra.hawkins168@example.com', '09962123469', 'shawkins168', '$2b$12$rVZmfkN8sDcHTaB/HHXwQuZbU7FUAEVM6NYzHNCHw9MYEWNURycVi', NULL, 'customer', '2025-10-24 15:10:57'),
(174, 'Tiffany', 'Barron', 'tiffany.barron169@example.com', '09304050910', 'tbarron169', '$2b$12$rVZmfkN8sDcHTaB/HHXwQuZbU7FUAEVM6NYzHNCHw9MYEWNURycVi', NULL, 'customer', '2025-10-24 15:10:57'),
(175, 'Amy', 'Houston', 'amy.houston170@example.com', '09373379733', 'ahouston170', '$2b$12$rVZmfkN8sDcHTaB/HHXwQuZbU7FUAEVM6NYzHNCHw9MYEWNURycVi', NULL, 'customer', '2025-10-24 15:10:57'),
(176, 'Damon', 'Parks', 'damon.parks171@example.com', '09474800767', 'dparks171', '$2b$12$rVZmfkN8sDcHTaB/HHXwQuZbU7FUAEVM6NYzHNCHw9MYEWNURycVi', NULL, 'customer', '2025-10-24 15:10:57'),
(177, 'Albert', 'Grant', 'albert.grant172@example.com', '09701628888', 'agrant172', '$2b$12$rVZmfkN8sDcHTaB/HHXwQuZbU7FUAEVM6NYzHNCHw9MYEWNURycVi', NULL, 'customer', '2025-10-24 15:10:57'),
(178, 'Christina', 'Hernandez', 'christina.hernandez173@example.com', '09911741718', 'chernandez173', '$2b$12$rVZmfkN8sDcHTaB/HHXwQuZbU7FUAEVM6NYzHNCHw9MYEWNURycVi', NULL, 'customer', '2025-10-24 15:10:57'),
(179, 'Henry', 'Thompson', 'henry.thompson174@example.com', '09607348189', 'hthompson174', '$2b$12$rVZmfkN8sDcHTaB/HHXwQuZbU7FUAEVM6NYzHNCHw9MYEWNURycVi', NULL, 'customer', '2025-10-24 15:10:57'),
(180, 'Cynthia', 'Burton', 'cynthia.burton175@example.com', '09239447700', 'cburton175', '$2b$12$rVZmfkN8sDcHTaB/HHXwQuZbU7FUAEVM6NYzHNCHw9MYEWNURycVi', NULL, 'customer', '2025-10-24 15:10:57'),
(181, 'Eric', 'Conley', 'eric.conley176@example.com', '09296431346', 'econley176', '$2b$12$rVZmfkN8sDcHTaB/HHXwQuZbU7FUAEVM6NYzHNCHw9MYEWNURycVi', NULL, 'customer', '2025-10-24 15:10:57'),
(182, 'Stephen', 'Fisher', 'stephen.fisher177@example.com', '09444374514', 'sfisher177', '$2b$12$rVZmfkN8sDcHTaB/HHXwQuZbU7FUAEVM6NYzHNCHw9MYEWNURycVi', NULL, 'customer', '2025-10-24 15:10:57'),
(183, 'Ryan', 'James', 'ryan.james178@example.com', '09197552700', 'rjames178', '$2b$12$rVZmfkN8sDcHTaB/HHXwQuZbU7FUAEVM6NYzHNCHw9MYEWNURycVi', NULL, 'customer', '2025-10-24 15:10:57'),
(184, 'Miguel', 'Morgan', 'miguel.morgan179@example.com', '09179227226', 'mmorgan179', '$2b$12$rVZmfkN8sDcHTaB/HHXwQuZbU7FUAEVM6NYzHNCHw9MYEWNURycVi', NULL, 'customer', '2025-10-24 15:10:57'),
(185, 'Ruth', 'Suarez', 'ruth.suarez180@example.com', '09515277764', 'rsuarez180', '$2b$12$rVZmfkN8sDcHTaB/HHXwQuZbU7FUAEVM6NYzHNCHw9MYEWNURycVi', NULL, 'customer', '2025-10-24 15:10:57'),
(186, 'Jennifer', 'Peterson', 'jennifer.peterson181@example.com', '09466606370', 'jpeterson181', '$2b$12$rVZmfkN8sDcHTaB/HHXwQuZbU7FUAEVM6NYzHNCHw9MYEWNURycVi', NULL, 'customer', '2025-10-24 15:10:57'),
(187, 'Laura', 'Sherman', 'laura.sherman182@example.com', '09128021960', 'lsherman182', '$2b$12$rVZmfkN8sDcHTaB/HHXwQuZbU7FUAEVM6NYzHNCHw9MYEWNURycVi', NULL, 'customer', '2025-10-24 15:10:57'),
(188, 'Keith', 'Summers', 'keith.summers183@example.com', '09144447099', 'ksummers183', '$2b$12$rVZmfkN8sDcHTaB/HHXwQuZbU7FUAEVM6NYzHNCHw9MYEWNURycVi', NULL, 'customer', '2025-10-24 15:10:57'),
(189, 'Paula', 'Phillips', 'paula.phillips184@example.com', '09599491135', 'pphillips184', '$2b$12$rVZmfkN8sDcHTaB/HHXwQuZbU7FUAEVM6NYzHNCHw9MYEWNURycVi', NULL, 'customer', '2025-10-24 15:10:57'),
(190, 'Kathy', 'Johnson', 'kathy.johnson185@example.com', '09418807375', 'kjohnson185', '$2b$12$rVZmfkN8sDcHTaB/HHXwQuZbU7FUAEVM6NYzHNCHw9MYEWNURycVi', NULL, 'customer', '2025-10-24 15:10:57'),
(191, 'Brandi', 'Parker', 'brandi.parker186@example.com', '09782502544', 'bparker186', '$2b$12$rVZmfkN8sDcHTaB/HHXwQuZbU7FUAEVM6NYzHNCHw9MYEWNURycVi', NULL, 'customer', '2025-10-24 15:10:57'),
(192, 'Stephanie', 'Smith', 'stephanie.smith187@example.com', '09211570333', 'ssmith187', '$2b$12$rVZmfkN8sDcHTaB/HHXwQuZbU7FUAEVM6NYzHNCHw9MYEWNURycVi', NULL, 'customer', '2025-10-24 15:10:57'),
(193, 'Katie', 'Phelps', 'katie.phelps188@example.com', '09562581013', 'kphelps188', '$2b$12$rVZmfkN8sDcHTaB/HHXwQuZbU7FUAEVM6NYzHNCHw9MYEWNURycVi', NULL, 'customer', '2025-10-24 15:10:57'),
(194, 'Rhonda', 'Grimes', 'rhonda.grimes189@example.com', '09259900706', 'rgrimes189', '$2b$12$rVZmfkN8sDcHTaB/HHXwQuZbU7FUAEVM6NYzHNCHw9MYEWNURycVi', NULL, 'customer', '2025-10-24 15:10:57'),
(195, 'Nicole', 'Morton', 'nicole.morton190@example.com', '09368973582', 'nmorton190', '$2b$12$rVZmfkN8sDcHTaB/HHXwQuZbU7FUAEVM6NYzHNCHw9MYEWNURycVi', NULL, 'customer', '2025-10-24 15:10:57'),
(196, 'Drew', 'Cox', 'drew.cox191@example.com', '09646786695', 'dcox191', '$2b$12$rVZmfkN8sDcHTaB/HHXwQuZbU7FUAEVM6NYzHNCHw9MYEWNURycVi', NULL, 'customer', '2025-10-24 15:10:57'),
(197, 'Jill', 'Archer', 'jill.archer192@example.com', '09426664584', 'jarcher192', '$2b$12$rVZmfkN8sDcHTaB/HHXwQuZbU7FUAEVM6NYzHNCHw9MYEWNURycVi', NULL, 'customer', '2025-10-24 15:10:57'),
(198, 'William', 'Flores', 'william.flores193@example.com', '09706531568', 'wflores193', '$2b$12$rVZmfkN8sDcHTaB/HHXwQuZbU7FUAEVM6NYzHNCHw9MYEWNURycVi', NULL, 'customer', '2025-10-24 15:10:57'),
(199, 'Jacob', 'Mcclure', 'jacob.mcclure194@example.com', '09891146833', 'jmcclure194', '$2b$12$rVZmfkN8sDcHTaB/HHXwQuZbU7FUAEVM6NYzHNCHw9MYEWNURycVi', NULL, 'customer', '2025-10-24 15:10:57'),
(200, 'Katherine', 'Garcia', 'katherine.garcia195@example.com', '09461605308', 'kgarcia195', '$2b$12$rVZmfkN8sDcHTaB/HHXwQuZbU7FUAEVM6NYzHNCHw9MYEWNURycVi', NULL, 'customer', '2025-10-24 15:10:57'),
(201, 'Philip', 'Walsh', 'philip.walsh196@example.com', '09134281691', 'pwalsh196', '$2b$12$rVZmfkN8sDcHTaB/HHXwQuZbU7FUAEVM6NYzHNCHw9MYEWNURycVi', NULL, 'customer', '2025-10-24 15:10:57'),
(202, 'Sheri', 'Griffin', 'sheri.griffin197@example.com', '09463335495', 'sgriffin197', '$2b$12$rVZmfkN8sDcHTaB/HHXwQuZbU7FUAEVM6NYzHNCHw9MYEWNURycVi', NULL, 'customer', '2025-10-24 15:10:57'),
(203, 'Frances', 'Clark', 'frances.clark198@example.com', '09763702912', 'fclark198', '$2b$12$rVZmfkN8sDcHTaB/HHXwQuZbU7FUAEVM6NYzHNCHw9MYEWNURycVi', NULL, 'customer', '2025-10-24 15:10:58'),
(204, 'Joshua', 'Soto', 'joshua.soto199@example.com', '09194745870', 'jsoto199', '$2b$12$rVZmfkN8sDcHTaB/HHXwQuZbU7FUAEVM6NYzHNCHw9MYEWNURycVi', NULL, 'customer', '2025-10-24 15:10:58'),
(205, 'Angela', 'Jackson', 'angela.jackson200@example.com', '09300707563', 'ajackson200', '$2b$12$rVZmfkN8sDcHTaB/HHXwQuZbU7FUAEVM6NYzHNCHw9MYEWNURycVi', NULL, 'customer', '2025-10-24 15:10:58'),
(206, 'Michael', 'Rivas', 'michael.rivas201@example.com', '09920724847', 'mrivas201', '$2b$12$rVZmfkN8sDcHTaB/HHXwQuZbU7FUAEVM6NYzHNCHw9MYEWNURycVi', NULL, 'customer', '2025-10-24 15:10:58'),
(207, 'Barbara', 'Robbins', 'barbara.robbins202@example.com', '09475520612', 'brobbins202', '$2b$12$rVZmfkN8sDcHTaB/HHXwQuZbU7FUAEVM6NYzHNCHw9MYEWNURycVi', NULL, 'customer', '2025-10-24 15:10:58'),
(208, 'Mark', 'Harris', 'mark.harris203@example.com', '09923410065', 'mharris203', '$2b$12$rVZmfkN8sDcHTaB/HHXwQuZbU7FUAEVM6NYzHNCHw9MYEWNURycVi', NULL, 'customer', '2025-10-24 15:10:58'),
(209, 'Nancy', 'Nielsen', 'nancy.nielsen204@example.com', '09477597827', 'nnielsen204', '$2b$12$rVZmfkN8sDcHTaB/HHXwQuZbU7FUAEVM6NYzHNCHw9MYEWNURycVi', NULL, 'customer', '2025-10-24 15:10:58'),
(210, 'Charles', 'Christensen', 'charles.christensen205@example.com', '09603302184', 'cchristensen205', '$2b$12$rVZmfkN8sDcHTaB/HHXwQuZbU7FUAEVM6NYzHNCHw9MYEWNURycVi', NULL, 'customer', '2025-10-24 15:10:58'),
(211, 'Amber', 'Watkins', 'amber.watkins206@example.com', '09534842451', 'awatkins206', '$2b$12$rVZmfkN8sDcHTaB/HHXwQuZbU7FUAEVM6NYzHNCHw9MYEWNURycVi', NULL, 'customer', '2025-10-24 15:10:58'),
(212, 'Carol', 'Avila', 'carol.avila207@example.com', '09509293034', 'cavila207', '$2b$12$rVZmfkN8sDcHTaB/HHXwQuZbU7FUAEVM6NYzHNCHw9MYEWNURycVi', NULL, 'customer', '2025-10-24 15:10:58'),
(213, 'Maria', 'Nelson', 'maria.nelson208@example.com', '09868695883', 'mnelson208', '$2b$12$rVZmfkN8sDcHTaB/HHXwQuZbU7FUAEVM6NYzHNCHw9MYEWNURycVi', NULL, 'customer', '2025-10-24 15:10:58'),
(214, 'Jose', 'Hernandez', 'jose.hernandez209@example.com', '09346175586', 'jhernandez209', '$2b$12$rVZmfkN8sDcHTaB/HHXwQuZbU7FUAEVM6NYzHNCHw9MYEWNURycVi', NULL, 'customer', '2025-10-24 15:10:58'),
(215, 'Christopher', 'Mckee', 'christopher.mckee210@example.com', '09965343301', 'cmckee210', '$2b$12$rVZmfkN8sDcHTaB/HHXwQuZbU7FUAEVM6NYzHNCHw9MYEWNURycVi', NULL, 'customer', '2025-10-24 15:10:58'),
(216, 'Valerie', 'Bell', 'valerie.bell211@example.com', '09484932125', 'vbell211', '$2b$12$rVZmfkN8sDcHTaB/HHXwQuZbU7FUAEVM6NYzHNCHw9MYEWNURycVi', NULL, 'customer', '2025-10-24 15:10:58'),
(217, 'Thomas', 'Miller', 'thomas.miller212@example.com', '09811273275', 'tmiller212', '$2b$12$rVZmfkN8sDcHTaB/HHXwQuZbU7FUAEVM6NYzHNCHw9MYEWNURycVi', NULL, 'customer', '2025-10-24 15:10:58'),
(218, 'Kathy', 'Meyers', 'kathy.meyers213@example.com', '09322605714', 'kmeyers213', '$2b$12$rVZmfkN8sDcHTaB/HHXwQuZbU7FUAEVM6NYzHNCHw9MYEWNURycVi', NULL, 'customer', '2025-10-24 15:10:58'),
(219, 'Denise', 'Green', 'denise.green214@example.com', '09440562788', 'dgreen214', '$2b$12$rVZmfkN8sDcHTaB/HHXwQuZbU7FUAEVM6NYzHNCHw9MYEWNURycVi', NULL, 'customer', '2025-10-24 15:10:58'),
(220, 'Tyler', 'Powell', 'tyler.powell215@example.com', '09135115989', 'tpowell215', '$2b$12$rVZmfkN8sDcHTaB/HHXwQuZbU7FUAEVM6NYzHNCHw9MYEWNURycVi', NULL, 'customer', '2025-10-24 15:10:58'),
(221, 'Regina', 'Ramirez', 'regina.ramirez216@example.com', '09431963059', 'rramirez216', '$2b$12$rVZmfkN8sDcHTaB/HHXwQuZbU7FUAEVM6NYzHNCHw9MYEWNURycVi', NULL, 'customer', '2025-10-24 15:10:58'),
(222, 'Leslie', 'Young', 'leslie.young217@example.com', '09201037733', 'lyoung217', '$2b$12$rVZmfkN8sDcHTaB/HHXwQuZbU7FUAEVM6NYzHNCHw9MYEWNURycVi', NULL, 'customer', '2025-10-24 15:10:58'),
(223, 'Sierra', 'Brown', 'sierra.brown218@example.com', '09689405951', 'sbrown218', '$2b$12$rVZmfkN8sDcHTaB/HHXwQuZbU7FUAEVM6NYzHNCHw9MYEWNURycVi', NULL, 'customer', '2025-10-24 15:10:58'),
(224, 'Gregory', 'Wilkins', 'gregory.wilkins219@example.com', '09839071282', 'gwilkins219', '$2b$12$rVZmfkN8sDcHTaB/HHXwQuZbU7FUAEVM6NYzHNCHw9MYEWNURycVi', NULL, 'customer', '2025-10-24 15:10:58'),
(225, 'Kelly', 'Reyes', 'kelly.reyes220@example.com', '09724450656', 'kreyes220', '$2b$12$rVZmfkN8sDcHTaB/HHXwQuZbU7FUAEVM6NYzHNCHw9MYEWNURycVi', NULL, 'customer', '2025-10-24 15:10:58'),
(226, 'Gary', 'Jimenez', 'gary.jimenez221@example.com', '09689098167', 'gjimenez221', '$2b$12$rVZmfkN8sDcHTaB/HHXwQuZbU7FUAEVM6NYzHNCHw9MYEWNURycVi', NULL, 'customer', '2025-10-24 15:10:58'),
(227, 'William', 'Martin', 'william.martin222@example.com', '09981590991', 'wmartin222', '$2b$12$rVZmfkN8sDcHTaB/HHXwQuZbU7FUAEVM6NYzHNCHw9MYEWNURycVi', NULL, 'customer', '2025-10-24 15:10:58'),
(228, 'William', 'Gardner', 'william.gardner223@example.com', '09975087876', 'wgardner223', '$2b$12$rVZmfkN8sDcHTaB/HHXwQuZbU7FUAEVM6NYzHNCHw9MYEWNURycVi', NULL, 'customer', '2025-10-24 15:10:58'),
(229, 'Mark', 'Evans', 'mark.evans224@example.com', '09536452286', 'mevans224', '$2b$12$rVZmfkN8sDcHTaB/HHXwQuZbU7FUAEVM6NYzHNCHw9MYEWNURycVi', NULL, 'customer', '2025-10-24 15:10:58'),
(230, 'Melissa', 'Williams', 'melissa.williams225@example.com', '09510521578', 'mwilliams225', '$2b$12$rVZmfkN8sDcHTaB/HHXwQuZbU7FUAEVM6NYzHNCHw9MYEWNURycVi', NULL, 'customer', '2025-10-24 15:10:58'),
(231, 'Patricia', 'Jones', 'patricia.jones226@example.com', '09671653054', 'pjones226', '$2b$12$rVZmfkN8sDcHTaB/HHXwQuZbU7FUAEVM6NYzHNCHw9MYEWNURycVi', NULL, 'customer', '2025-10-24 15:10:58'),
(232, 'Cynthia', 'Christensen', 'cynthia.christensen227@example.com', '09297744842', 'cchristensen227', '$2b$12$rVZmfkN8sDcHTaB/HHXwQuZbU7FUAEVM6NYzHNCHw9MYEWNURycVi', NULL, 'customer', '2025-10-24 15:10:58'),
(233, 'John', 'Pollard', 'john.pollard228@example.com', '09202624572', 'jpollard228', '$2b$12$rVZmfkN8sDcHTaB/HHXwQuZbU7FUAEVM6NYzHNCHw9MYEWNURycVi', NULL, 'customer', '2025-10-24 15:10:58'),
(234, 'Ashley', 'Dalton', 'ashley.dalton229@example.com', '09242715670', 'adalton229', '$2b$12$rVZmfkN8sDcHTaB/HHXwQuZbU7FUAEVM6NYzHNCHw9MYEWNURycVi', NULL, 'customer', '2025-10-24 15:10:58'),
(235, 'Ronald', 'Robbins', 'ronald.robbins230@example.com', '09153500986', 'rrobbins230', '$2b$12$rVZmfkN8sDcHTaB/HHXwQuZbU7FUAEVM6NYzHNCHw9MYEWNURycVi', NULL, 'customer', '2025-10-24 15:10:58'),
(236, 'Karen', 'Lawrence', 'karen.lawrence231@example.com', '09906477729', 'klawrence231', '$2b$12$rVZmfkN8sDcHTaB/HHXwQuZbU7FUAEVM6NYzHNCHw9MYEWNURycVi', NULL, 'customer', '2025-10-24 15:10:58'),
(237, 'Kurt', 'Conley', 'kurt.conley232@example.com', '09841429727', 'kconley232', '$2b$12$rVZmfkN8sDcHTaB/HHXwQuZbU7FUAEVM6NYzHNCHw9MYEWNURycVi', NULL, 'customer', '2025-10-24 15:10:58'),
(238, 'Robert', 'Goodwin', 'robert.goodwin233@example.com', '09611492795', 'rgoodwin233', '$2b$12$rVZmfkN8sDcHTaB/HHXwQuZbU7FUAEVM6NYzHNCHw9MYEWNURycVi', NULL, 'customer', '2025-10-24 15:10:58'),
(239, 'Kaitlin', 'Doyle', 'kaitlin.doyle234@example.com', '09177623954', 'kdoyle234', '$2b$12$rVZmfkN8sDcHTaB/HHXwQuZbU7FUAEVM6NYzHNCHw9MYEWNURycVi', NULL, 'customer', '2025-10-24 15:10:58'),
(240, 'Andrew', 'Nguyen', 'andrew.nguyen235@example.com', '09116502484', 'anguyen235', '$2b$12$rVZmfkN8sDcHTaB/HHXwQuZbU7FUAEVM6NYzHNCHw9MYEWNURycVi', NULL, 'customer', '2025-10-24 15:10:58'),
(241, 'Karen', 'Cox', 'karen.cox236@example.com', '09569255304', 'kcox236', '$2b$12$rVZmfkN8sDcHTaB/HHXwQuZbU7FUAEVM6NYzHNCHw9MYEWNURycVi', NULL, 'customer', '2025-10-24 15:10:58'),
(242, 'Roger', 'Osborne', 'roger.osborne237@example.com', '09740581275', 'rosborne237', '$2b$12$rVZmfkN8sDcHTaB/HHXwQuZbU7FUAEVM6NYzHNCHw9MYEWNURycVi', NULL, 'customer', '2025-10-24 15:10:58'),
(243, 'Christina', 'Carr', 'christina.carr238@example.com', '09374184452', 'ccarr238', '$2b$12$rVZmfkN8sDcHTaB/HHXwQuZbU7FUAEVM6NYzHNCHw9MYEWNURycVi', NULL, 'customer', '2025-10-24 15:10:58'),
(244, 'Alvin', 'Davis', 'alvin.davis239@example.com', '09176153067', 'adavis239', '$2b$12$rVZmfkN8sDcHTaB/HHXwQuZbU7FUAEVM6NYzHNCHw9MYEWNURycVi', NULL, 'customer', '2025-10-24 15:10:58'),
(245, 'Holly', 'Cain', 'holly.cain240@example.com', '09562802349', 'hcain240', '$2b$12$rVZmfkN8sDcHTaB/HHXwQuZbU7FUAEVM6NYzHNCHw9MYEWNURycVi', NULL, 'customer', '2025-10-24 15:10:58'),
(246, 'Alicia', 'Williams', 'alicia.williams241@example.com', '09566660159', 'awilliams241', '$2b$12$rVZmfkN8sDcHTaB/HHXwQuZbU7FUAEVM6NYzHNCHw9MYEWNURycVi', NULL, 'customer', '2025-10-24 15:10:58'),
(247, 'Katherine', 'Higgins', 'katherine.higgins242@example.com', '09134361569', 'khiggins242', '$2b$12$rVZmfkN8sDcHTaB/HHXwQuZbU7FUAEVM6NYzHNCHw9MYEWNURycVi', NULL, 'customer', '2025-10-24 15:10:58'),
(248, 'Joy', 'Rodgers', 'joy.rodgers243@example.com', '09226582601', 'jrodgers243', '$2b$12$rVZmfkN8sDcHTaB/HHXwQuZbU7FUAEVM6NYzHNCHw9MYEWNURycVi', NULL, 'customer', '2025-10-24 15:10:58'),
(249, 'William', 'Cannon', 'william.cannon244@example.com', '09658665031', 'wcannon244', '$2b$12$rVZmfkN8sDcHTaB/HHXwQuZbU7FUAEVM6NYzHNCHw9MYEWNURycVi', NULL, 'customer', '2025-10-24 15:10:58'),
(250, 'Stephanie', 'Miller', 'stephanie.miller245@example.com', '09802851969', 'smiller245', '$2b$12$rVZmfkN8sDcHTaB/HHXwQuZbU7FUAEVM6NYzHNCHw9MYEWNURycVi', NULL, 'customer', '2025-10-24 15:10:58'),
(251, 'Michael', 'Sharp', 'michael.sharp246@example.com', '09891803221', 'msharp246', '$2b$12$rVZmfkN8sDcHTaB/HHXwQuZbU7FUAEVM6NYzHNCHw9MYEWNURycVi', NULL, 'customer', '2025-10-24 15:10:58'),
(252, 'Eric', 'Ryan', 'eric.ryan247@example.com', '09837275862', 'eryan247', '$2b$12$rVZmfkN8sDcHTaB/HHXwQuZbU7FUAEVM6NYzHNCHw9MYEWNURycVi', NULL, 'customer', '2025-10-24 15:10:58'),
(253, 'Barbara', 'Manning', 'barbara.manning248@example.com', '09911296251', 'bmanning248', '$2b$12$rVZmfkN8sDcHTaB/HHXwQuZbU7FUAEVM6NYzHNCHw9MYEWNURycVi', NULL, 'customer', '2025-10-24 15:10:58'),
(254, 'Sally', 'Adams', 'sally.adams249@example.com', '09835296259', 'sadams249', '$2b$12$rVZmfkN8sDcHTaB/HHXwQuZbU7FUAEVM6NYzHNCHw9MYEWNURycVi', NULL, 'customer', '2025-10-24 15:10:58'),
(255, 'Gregory', 'Padilla', 'gregory.padilla250@example.com', '09988100331', 'gpadilla250', '$2b$12$rVZmfkN8sDcHTaB/HHXwQuZbU7FUAEVM6NYzHNCHw9MYEWNURycVi', NULL, 'customer', '2025-10-24 15:10:58'),
(256, 'Matthew', 'Leon', 'matthew.leon251@example.com', '09438347851', 'mleon251', '$2b$12$rVZmfkN8sDcHTaB/HHXwQuZbU7FUAEVM6NYzHNCHw9MYEWNURycVi', NULL, 'customer', '2025-10-24 15:10:58'),
(257, 'Mary', 'Woodard', 'mary.woodard252@example.com', '09560625623', 'mwoodard252', '$2b$12$rVZmfkN8sDcHTaB/HHXwQuZbU7FUAEVM6NYzHNCHw9MYEWNURycVi', NULL, 'customer', '2025-10-24 15:10:58'),
(258, 'James', 'Romero', 'james.romero253@example.com', '09659369734', 'jromero253', '$2b$12$rVZmfkN8sDcHTaB/HHXwQuZbU7FUAEVM6NYzHNCHw9MYEWNURycVi', NULL, 'customer', '2025-10-24 15:10:58'),
(259, 'Elizabeth', 'Scott', 'elizabeth.scott254@example.com', '09642818999', 'escott254', '$2b$12$rVZmfkN8sDcHTaB/HHXwQuZbU7FUAEVM6NYzHNCHw9MYEWNURycVi', NULL, 'customer', '2025-10-24 15:10:58'),
(260, 'Michael', 'Jenkins', 'michael.jenkins255@example.com', '09376991344', 'mjenkins255', '$2b$12$rVZmfkN8sDcHTaB/HHXwQuZbU7FUAEVM6NYzHNCHw9MYEWNURycVi', NULL, 'customer', '2025-10-24 15:10:58'),
(261, 'Sara', 'Becker', 'sara.becker256@example.com', '09663400896', 'sbecker256', '$2b$12$rVZmfkN8sDcHTaB/HHXwQuZbU7FUAEVM6NYzHNCHw9MYEWNURycVi', NULL, 'customer', '2025-10-24 15:10:58');
INSERT INTO `users` (`user_id`, `first_name`, `last_name`, `email`, `phone_no`, `username`, `password`, `profile_photo`, `user_type`, `created_at`) VALUES
(262, 'Megan', 'Mitchell', 'megan.mitchell257@example.com', '09336135017', 'mmitchell257', '$2b$12$rVZmfkN8sDcHTaB/HHXwQuZbU7FUAEVM6NYzHNCHw9MYEWNURycVi', NULL, 'customer', '2025-10-24 15:10:58'),
(263, 'Stephanie', 'Ramirez', 'stephanie.ramirez258@example.com', '09250630594', 'sramirez258', '$2b$12$rVZmfkN8sDcHTaB/HHXwQuZbU7FUAEVM6NYzHNCHw9MYEWNURycVi', NULL, 'customer', '2025-10-24 15:10:58'),
(264, 'Benjamin', 'Meyer', 'benjamin.meyer259@example.com', '09469806902', 'bmeyer259', '$2b$12$rVZmfkN8sDcHTaB/HHXwQuZbU7FUAEVM6NYzHNCHw9MYEWNURycVi', NULL, 'customer', '2025-10-24 15:10:58'),
(265, 'Derek', 'Peterson', 'derek.peterson260@example.com', '09904166426', 'dpeterson260', '$2b$12$rVZmfkN8sDcHTaB/HHXwQuZbU7FUAEVM6NYzHNCHw9MYEWNURycVi', NULL, 'customer', '2025-10-24 15:10:58'),
(266, 'Todd', 'Schaefer', 'todd.schaefer261@example.com', '09104173179', 'tschaefer261', '$2b$12$rVZmfkN8sDcHTaB/HHXwQuZbU7FUAEVM6NYzHNCHw9MYEWNURycVi', NULL, 'customer', '2025-10-24 15:10:58'),
(267, 'Jacob', 'Mullins', 'jacob.mullins262@example.com', '09923937890', 'jmullins262', '$2b$12$rVZmfkN8sDcHTaB/HHXwQuZbU7FUAEVM6NYzHNCHw9MYEWNURycVi', NULL, 'customer', '2025-10-24 15:10:58'),
(268, 'Lucas', 'Fletcher', 'lucas.fletcher263@example.com', '09931549315', 'lfletcher263', '$2b$12$rVZmfkN8sDcHTaB/HHXwQuZbU7FUAEVM6NYzHNCHw9MYEWNURycVi', NULL, 'customer', '2025-10-24 15:10:58'),
(269, 'Jessica', 'Robles', 'jessica.robles264@example.com', '09653284614', 'jrobles264', '$2b$12$rVZmfkN8sDcHTaB/HHXwQuZbU7FUAEVM6NYzHNCHw9MYEWNURycVi', NULL, 'customer', '2025-10-24 15:10:58'),
(270, 'April', 'Lawrence', 'april.lawrence265@example.com', '09465364222', 'alawrence265', '$2b$12$rVZmfkN8sDcHTaB/HHXwQuZbU7FUAEVM6NYzHNCHw9MYEWNURycVi', NULL, 'customer', '2025-10-24 15:10:58'),
(271, 'Tara', 'Ramirez', 'tara.ramirez266@example.com', '09784299613', 'tramirez266', '$2b$12$rVZmfkN8sDcHTaB/HHXwQuZbU7FUAEVM6NYzHNCHw9MYEWNURycVi', NULL, 'customer', '2025-10-24 15:10:58'),
(272, 'Lauren', 'Jensen', 'lauren.jensen267@example.com', '09876122617', 'ljensen267', '$2b$12$rVZmfkN8sDcHTaB/HHXwQuZbU7FUAEVM6NYzHNCHw9MYEWNURycVi', NULL, 'customer', '2025-10-24 15:10:58'),
(273, 'Shane', 'Robinson', 'shane.robinson268@example.com', '09193578972', 'srobinson268', '$2b$12$rVZmfkN8sDcHTaB/HHXwQuZbU7FUAEVM6NYzHNCHw9MYEWNURycVi', NULL, 'customer', '2025-10-24 15:10:58'),
(274, 'Jose', 'Pena', 'jose.pena269@example.com', '09270011818', 'jpena269', '$2b$12$rVZmfkN8sDcHTaB/HHXwQuZbU7FUAEVM6NYzHNCHw9MYEWNURycVi', NULL, 'customer', '2025-10-24 15:10:58'),
(275, 'Stephanie', 'Logan', 'stephanie.logan270@example.com', '09990303619', 'slogan270', '$2b$12$rVZmfkN8sDcHTaB/HHXwQuZbU7FUAEVM6NYzHNCHw9MYEWNURycVi', NULL, 'customer', '2025-10-24 15:10:58'),
(276, 'Crystal', 'Atkins', 'crystal.atkins271@example.com', '09767107158', 'catkins271', '$2b$12$rVZmfkN8sDcHTaB/HHXwQuZbU7FUAEVM6NYzHNCHw9MYEWNURycVi', NULL, 'customer', '2025-10-24 15:10:58'),
(277, 'Derrick', 'Simpson', 'derrick.simpson272@example.com', '09260804275', 'dsimpson272', '$2b$12$rVZmfkN8sDcHTaB/HHXwQuZbU7FUAEVM6NYzHNCHw9MYEWNURycVi', NULL, 'customer', '2025-10-24 15:10:58'),
(278, 'Samantha', 'Flores', 'samantha.flores273@example.com', '09942761314', 'sflores273', '$2b$12$rVZmfkN8sDcHTaB/HHXwQuZbU7FUAEVM6NYzHNCHw9MYEWNURycVi', NULL, 'customer', '2025-10-24 15:10:58'),
(279, 'David', 'Green', 'david.green274@example.com', '09379631844', 'dgreen274', '$2b$12$rVZmfkN8sDcHTaB/HHXwQuZbU7FUAEVM6NYzHNCHw9MYEWNURycVi', NULL, 'customer', '2025-10-24 15:10:58'),
(280, 'Rhonda', 'Nelson', 'rhonda.nelson275@example.com', '09103366284', 'rnelson275', '$2b$12$rVZmfkN8sDcHTaB/HHXwQuZbU7FUAEVM6NYzHNCHw9MYEWNURycVi', NULL, 'customer', '2025-10-24 15:10:58'),
(281, 'Dalton', 'Smith', 'dalton.smith276@example.com', '09977124614', 'dsmith276', '$2b$12$rVZmfkN8sDcHTaB/HHXwQuZbU7FUAEVM6NYzHNCHw9MYEWNURycVi', NULL, 'customer', '2025-10-24 15:10:58'),
(282, 'Trevor', 'Becker', 'trevor.becker277@example.com', '09121630104', 'tbecker277', '$2b$12$rVZmfkN8sDcHTaB/HHXwQuZbU7FUAEVM6NYzHNCHw9MYEWNURycVi', NULL, 'customer', '2025-10-24 15:10:58'),
(283, 'Thomas', 'Bowman', 'thomas.bowman278@example.com', '09752474222', 'tbowman278', '$2b$12$rVZmfkN8sDcHTaB/HHXwQuZbU7FUAEVM6NYzHNCHw9MYEWNURycVi', NULL, 'customer', '2025-10-24 15:10:58'),
(284, 'Matthew', 'Benson', 'matthew.benson279@example.com', '09403574685', 'mbenson279', '$2b$12$rVZmfkN8sDcHTaB/HHXwQuZbU7FUAEVM6NYzHNCHw9MYEWNURycVi', NULL, 'customer', '2025-10-24 15:10:58'),
(285, 'Phillip', 'Walker', 'phillip.walker280@example.com', '09839970539', 'pwalker280', '$2b$12$rVZmfkN8sDcHTaB/HHXwQuZbU7FUAEVM6NYzHNCHw9MYEWNURycVi', NULL, 'customer', '2025-10-24 15:10:58'),
(286, 'Michele', 'Page', 'michele.page281@example.com', '09992973587', 'mpage281', '$2b$12$rVZmfkN8sDcHTaB/HHXwQuZbU7FUAEVM6NYzHNCHw9MYEWNURycVi', NULL, 'customer', '2025-10-24 15:10:58'),
(287, 'Jonathan', 'Brown', 'jonathan.brown282@example.com', '09694654384', 'jbrown282', '$2b$12$rVZmfkN8sDcHTaB/HHXwQuZbU7FUAEVM6NYzHNCHw9MYEWNURycVi', NULL, 'customer', '2025-10-24 15:10:58'),
(288, 'Debbie', 'Thomas', 'debbie.thomas283@example.com', '09964951363', 'dthomas283', '$2b$12$rVZmfkN8sDcHTaB/HHXwQuZbU7FUAEVM6NYzHNCHw9MYEWNURycVi', NULL, 'customer', '2025-10-24 15:10:58'),
(289, 'Tanya', 'Dougherty', 'tanya.dougherty284@example.com', '09135523827', 'tdougherty284', '$2b$12$rVZmfkN8sDcHTaB/HHXwQuZbU7FUAEVM6NYzHNCHw9MYEWNURycVi', NULL, 'customer', '2025-10-24 15:10:58'),
(290, 'Jose', 'Burke', 'jose.burke285@example.com', '09833900955', 'jburke285', '$2b$12$rVZmfkN8sDcHTaB/HHXwQuZbU7FUAEVM6NYzHNCHw9MYEWNURycVi', NULL, 'customer', '2025-10-24 15:10:58'),
(291, 'Carlos', 'Huber', 'carlos.huber286@example.com', '09310024350', 'chuber286', '$2b$12$rVZmfkN8sDcHTaB/HHXwQuZbU7FUAEVM6NYzHNCHw9MYEWNURycVi', NULL, 'customer', '2025-10-24 15:10:58'),
(292, 'Kelly', 'Sullivan', 'kelly.sullivan287@example.com', '09511886759', 'ksullivan287', '$2b$12$rVZmfkN8sDcHTaB/HHXwQuZbU7FUAEVM6NYzHNCHw9MYEWNURycVi', NULL, 'customer', '2025-10-24 15:10:58'),
(293, 'Jerry', 'Stewart', 'jerry.stewart288@example.com', '09702954021', 'jstewart288', '$2b$12$rVZmfkN8sDcHTaB/HHXwQuZbU7FUAEVM6NYzHNCHw9MYEWNURycVi', NULL, 'customer', '2025-10-24 15:10:58'),
(294, 'Jesse', 'Mendez', 'jesse.mendez289@example.com', '09415134951', 'jmendez289', '$2b$12$rVZmfkN8sDcHTaB/HHXwQuZbU7FUAEVM6NYzHNCHw9MYEWNURycVi', NULL, 'customer', '2025-10-24 15:10:58'),
(295, 'Kelly', 'Smith', 'kelly.smith290@example.com', '09557941127', 'ksmith290', '$2b$12$rVZmfkN8sDcHTaB/HHXwQuZbU7FUAEVM6NYzHNCHw9MYEWNURycVi', NULL, 'customer', '2025-10-24 15:10:58'),
(296, 'Amanda', 'Hill', 'amanda.hill291@example.com', '09244383780', 'ahill291', '$2b$12$rVZmfkN8sDcHTaB/HHXwQuZbU7FUAEVM6NYzHNCHw9MYEWNURycVi', NULL, 'customer', '2025-10-24 15:10:58'),
(297, 'Jennifer', 'Miller', 'jennifer.miller292@example.com', '09108777596', 'jmiller292', '$2b$12$rVZmfkN8sDcHTaB/HHXwQuZbU7FUAEVM6NYzHNCHw9MYEWNURycVi', NULL, 'customer', '2025-10-24 15:10:58'),
(298, 'Amanda', 'Adams', 'amanda.adams293@example.com', '09501145565', 'aadams293', '$2b$12$rVZmfkN8sDcHTaB/HHXwQuZbU7FUAEVM6NYzHNCHw9MYEWNURycVi', NULL, 'customer', '2025-10-24 15:10:58'),
(299, 'Samuel', 'Chen', 'samuel.chen294@example.com', '09913839716', 'schen294', '$2b$12$rVZmfkN8sDcHTaB/HHXwQuZbU7FUAEVM6NYzHNCHw9MYEWNURycVi', NULL, 'customer', '2025-10-24 15:10:58'),
(300, 'Tina', 'Jackson', 'tina.jackson295@example.com', '09479108547', 'tjackson295', '$2b$12$rVZmfkN8sDcHTaB/HHXwQuZbU7FUAEVM6NYzHNCHw9MYEWNURycVi', NULL, 'customer', '2025-10-24 15:10:58'),
(301, 'Christopher', 'King', 'christopher.king296@example.com', '09702623652', 'cking296', '$2b$12$rVZmfkN8sDcHTaB/HHXwQuZbU7FUAEVM6NYzHNCHw9MYEWNURycVi', NULL, 'customer', '2025-10-24 15:10:58'),
(302, 'Miranda', 'Russell', 'miranda.russell297@example.com', '09458244820', 'mrussell297', '$2b$12$rVZmfkN8sDcHTaB/HHXwQuZbU7FUAEVM6NYzHNCHw9MYEWNURycVi', NULL, 'customer', '2025-10-24 15:10:58'),
(303, 'Sarah', 'Ferguson', 'sarah.ferguson298@example.com', '09131761371', 'sferguson298', '$2b$12$rVZmfkN8sDcHTaB/HHXwQuZbU7FUAEVM6NYzHNCHw9MYEWNURycVi', NULL, 'customer', '2025-10-24 15:10:58'),
(304, 'Barbara', 'Walker', 'barbara.walker299@example.com', '09300814861', 'bwalker299', '$2b$12$rVZmfkN8sDcHTaB/HHXwQuZbU7FUAEVM6NYzHNCHw9MYEWNURycVi', NULL, 'customer', '2025-10-24 15:10:58'),
(305, 'Desiree', 'Hayes', 'desiree.hayes300@example.com', '09562614421', 'dhayes300', '$2b$12$rVZmfkN8sDcHTaB/HHXwQuZbU7FUAEVM6NYzHNCHw9MYEWNURycVi', NULL, 'customer', '2025-10-24 15:10:58'),
(306, 'Ann', 'Jones', 'ann.jones301@example.com', '09817869479', 'ajones301', '$2b$12$rVZmfkN8sDcHTaB/HHXwQuZbU7FUAEVM6NYzHNCHw9MYEWNURycVi', NULL, 'customer', '2025-10-24 15:10:58'),
(307, 'Darryl', 'Leach', 'darryl.leach302@example.com', '09791308740', 'dleach302', '$2b$12$rVZmfkN8sDcHTaB/HHXwQuZbU7FUAEVM6NYzHNCHw9MYEWNURycVi', NULL, 'customer', '2025-10-24 15:10:58'),
(308, 'Teresa', 'Anthony', 'teresa.anthony303@example.com', '09638261728', 'tanthony303', '$2b$12$rVZmfkN8sDcHTaB/HHXwQuZbU7FUAEVM6NYzHNCHw9MYEWNURycVi', NULL, 'customer', '2025-10-24 15:10:58'),
(309, 'Sharon', 'Morales', 'sharon.morales304@example.com', '09509429752', 'smorales304', '$2b$12$rVZmfkN8sDcHTaB/HHXwQuZbU7FUAEVM6NYzHNCHw9MYEWNURycVi', NULL, 'customer', '2025-10-24 15:10:58'),
(310, 'Ryan', 'Jackson', 'ryan.jackson305@example.com', '09367080056', 'rjackson305', '$2b$12$rVZmfkN8sDcHTaB/HHXwQuZbU7FUAEVM6NYzHNCHw9MYEWNURycVi', NULL, 'customer', '2025-10-24 15:10:58'),
(311, 'Donna', 'Moore', 'donna.moore306@example.com', '09427473691', 'dmoore306', '$2b$12$rVZmfkN8sDcHTaB/HHXwQuZbU7FUAEVM6NYzHNCHw9MYEWNURycVi', NULL, 'customer', '2025-10-24 15:10:58'),
(312, 'Denise', 'Cross', 'denise.cross307@example.com', '09503717744', 'dcross307', '$2b$12$rVZmfkN8sDcHTaB/HHXwQuZbU7FUAEVM6NYzHNCHw9MYEWNURycVi', NULL, 'customer', '2025-10-24 15:10:58'),
(313, 'Barbara', 'Fritz', 'barbara.fritz308@example.com', '09911927325', 'bfritz308', '$2b$12$rVZmfkN8sDcHTaB/HHXwQuZbU7FUAEVM6NYzHNCHw9MYEWNURycVi', NULL, 'customer', '2025-10-24 15:10:58'),
(314, 'Megan', 'Turner', 'megan.turner309@example.com', '09928959076', 'mturner309', '$2b$12$rVZmfkN8sDcHTaB/HHXwQuZbU7FUAEVM6NYzHNCHw9MYEWNURycVi', NULL, 'customer', '2025-10-24 15:10:58'),
(315, 'Natalie', 'Rice', 'natalie.rice310@example.com', '09290154677', 'nrice310', '$2b$12$rVZmfkN8sDcHTaB/HHXwQuZbU7FUAEVM6NYzHNCHw9MYEWNURycVi', NULL, 'customer', '2025-10-24 15:10:58'),
(316, 'Danielle', 'Baker', 'danielle.baker311@example.com', '09752846419', 'dbaker311', '$2b$12$rVZmfkN8sDcHTaB/HHXwQuZbU7FUAEVM6NYzHNCHw9MYEWNURycVi', NULL, 'customer', '2025-10-24 15:10:58'),
(317, 'Lauren', 'Curry', 'lauren.curry312@example.com', '09567059590', 'lcurry312', '$2b$12$rVZmfkN8sDcHTaB/HHXwQuZbU7FUAEVM6NYzHNCHw9MYEWNURycVi', NULL, 'customer', '2025-10-24 15:10:58'),
(318, 'Mark', 'Lawrence', 'mark.lawrence313@example.com', '09211309556', 'mlawrence313', '$2b$12$rVZmfkN8sDcHTaB/HHXwQuZbU7FUAEVM6NYzHNCHw9MYEWNURycVi', NULL, 'customer', '2025-10-24 15:10:58'),
(319, 'Ashley', 'Stevens', 'ashley.stevens314@example.com', '09312071130', 'astevens314', '$2b$12$rVZmfkN8sDcHTaB/HHXwQuZbU7FUAEVM6NYzHNCHw9MYEWNURycVi', NULL, 'customer', '2025-10-24 15:10:58'),
(320, 'Gary', 'Deleon', 'gary.deleon315@example.com', '09239307262', 'gdeleon315', '$2b$12$rVZmfkN8sDcHTaB/HHXwQuZbU7FUAEVM6NYzHNCHw9MYEWNURycVi', NULL, 'customer', '2025-10-24 15:10:58'),
(321, 'Travis', 'Ramirez', 'travis.ramirez316@example.com', '09580250590', 'tramirez316', '$2b$12$rVZmfkN8sDcHTaB/HHXwQuZbU7FUAEVM6NYzHNCHw9MYEWNURycVi', NULL, 'customer', '2025-10-24 15:10:58'),
(322, 'Jonathan', 'Ramirez', 'jonathan.ramirez317@example.com', '09682682591', 'jramirez317', '$2b$12$rVZmfkN8sDcHTaB/HHXwQuZbU7FUAEVM6NYzHNCHw9MYEWNURycVi', NULL, 'customer', '2025-10-24 15:10:58'),
(323, 'Amanda', 'Smith', 'amanda.smith318@example.com', '09587514536', 'asmith318', '$2b$12$rVZmfkN8sDcHTaB/HHXwQuZbU7FUAEVM6NYzHNCHw9MYEWNURycVi', NULL, 'customer', '2025-10-24 15:10:58'),
(324, 'William', 'Moreno', 'william.moreno319@example.com', '09151965825', 'wmoreno319', '$2b$12$rVZmfkN8sDcHTaB/HHXwQuZbU7FUAEVM6NYzHNCHw9MYEWNURycVi', NULL, 'customer', '2025-10-24 15:10:58'),
(325, 'Daniel', 'Morris', 'daniel.morris320@example.com', '09328158535', 'dmorris320', '$2b$12$rVZmfkN8sDcHTaB/HHXwQuZbU7FUAEVM6NYzHNCHw9MYEWNURycVi', NULL, 'customer', '2025-10-24 15:10:58'),
(326, 'Jennifer', 'Gonzalez', 'jennifer.gonzalez321@example.com', '09368718952', 'jgonzalez321', '$2b$12$rVZmfkN8sDcHTaB/HHXwQuZbU7FUAEVM6NYzHNCHw9MYEWNURycVi', NULL, 'customer', '2025-10-24 15:10:58'),
(327, 'Emily', 'Horne', 'emily.horne322@example.com', '09141391792', 'ehorne322', '$2b$12$rVZmfkN8sDcHTaB/HHXwQuZbU7FUAEVM6NYzHNCHw9MYEWNURycVi', NULL, 'customer', '2025-10-24 15:10:58'),
(328, 'Olivia', 'Hall', 'olivia.hall323@example.com', '09208962950', 'ohall323', '$2b$12$rVZmfkN8sDcHTaB/HHXwQuZbU7FUAEVM6NYzHNCHw9MYEWNURycVi', NULL, 'customer', '2025-10-24 15:10:58'),
(329, 'John', 'Martin', 'john.martin324@example.com', '09340968611', 'jmartin324', '$2b$12$rVZmfkN8sDcHTaB/HHXwQuZbU7FUAEVM6NYzHNCHw9MYEWNURycVi', NULL, 'customer', '2025-10-24 15:10:58'),
(330, 'Darrell', 'Nelson', 'darrell.nelson325@example.com', '09214542882', 'dnelson325', '$2b$12$rVZmfkN8sDcHTaB/HHXwQuZbU7FUAEVM6NYzHNCHw9MYEWNURycVi', NULL, 'customer', '2025-10-24 15:10:58'),
(331, 'David', 'Tapia', 'david.tapia326@example.com', '09557668958', 'dtapia326', '$2b$12$rVZmfkN8sDcHTaB/HHXwQuZbU7FUAEVM6NYzHNCHw9MYEWNURycVi', NULL, 'customer', '2025-10-24 15:10:58'),
(332, 'Eric', 'Ayala', 'eric.ayala327@example.com', '09648898167', 'eayala327', '$2b$12$rVZmfkN8sDcHTaB/HHXwQuZbU7FUAEVM6NYzHNCHw9MYEWNURycVi', NULL, 'customer', '2025-10-24 15:10:58'),
(333, 'Christina', 'Walker', 'christina.walker328@example.com', '09474098166', 'cwalker328', '$2b$12$rVZmfkN8sDcHTaB/HHXwQuZbU7FUAEVM6NYzHNCHw9MYEWNURycVi', NULL, 'customer', '2025-10-24 15:10:58'),
(334, 'Jeanne', 'Smith', 'jeanne.smith329@example.com', '09401424883', 'jsmith329', '$2b$12$rVZmfkN8sDcHTaB/HHXwQuZbU7FUAEVM6NYzHNCHw9MYEWNURycVi', NULL, 'customer', '2025-10-24 15:10:58'),
(335, 'Valerie', 'Montgomery', 'valerie.montgomery330@example.com', '09989042885', 'vmontgomery330', '$2b$12$rVZmfkN8sDcHTaB/HHXwQuZbU7FUAEVM6NYzHNCHw9MYEWNURycVi', NULL, 'customer', '2025-10-24 15:10:58'),
(336, 'Michael', 'Frederick', 'michael.frederick331@example.com', '09675175977', 'mfrederick331', '$2b$12$rVZmfkN8sDcHTaB/HHXwQuZbU7FUAEVM6NYzHNCHw9MYEWNURycVi', NULL, 'customer', '2025-10-24 15:10:58'),
(337, 'Megan', 'Garcia', 'megan.garcia332@example.com', '09532011231', 'mgarcia332', '$2b$12$rVZmfkN8sDcHTaB/HHXwQuZbU7FUAEVM6NYzHNCHw9MYEWNURycVi', NULL, 'customer', '2025-10-24 15:10:58'),
(338, 'Shelby', 'Rosales', 'shelby.rosales333@example.com', '09104358873', 'srosales333', '$2b$12$rVZmfkN8sDcHTaB/HHXwQuZbU7FUAEVM6NYzHNCHw9MYEWNURycVi', NULL, 'customer', '2025-10-24 15:10:58'),
(339, 'Heidi', 'Clark', 'heidi.clark334@example.com', '09596951313', 'hclark334', '$2b$12$rVZmfkN8sDcHTaB/HHXwQuZbU7FUAEVM6NYzHNCHw9MYEWNURycVi', NULL, 'customer', '2025-10-24 15:10:58'),
(340, 'Jared', 'Chandler', 'jared.chandler335@example.com', '09788583156', 'jchandler335', '$2b$12$rVZmfkN8sDcHTaB/HHXwQuZbU7FUAEVM6NYzHNCHw9MYEWNURycVi', NULL, 'customer', '2025-10-24 15:10:58'),
(341, 'Andre', 'Johnson', 'andre.johnson336@example.com', '09524834807', 'ajohnson336', '$2b$12$rVZmfkN8sDcHTaB/HHXwQuZbU7FUAEVM6NYzHNCHw9MYEWNURycVi', NULL, 'customer', '2025-10-24 15:10:58'),
(342, 'Nathan', 'Green', 'nathan.green337@example.com', '09219630017', 'ngreen337', '$2b$12$rVZmfkN8sDcHTaB/HHXwQuZbU7FUAEVM6NYzHNCHw9MYEWNURycVi', NULL, 'customer', '2025-10-24 15:10:58'),
(343, 'Victoria', 'Moore', 'victoria.moore338@example.com', '09902696532', 'vmoore338', '$2b$12$rVZmfkN8sDcHTaB/HHXwQuZbU7FUAEVM6NYzHNCHw9MYEWNURycVi', NULL, 'customer', '2025-10-24 15:10:58'),
(344, 'Jack', 'Brown', 'jack.brown339@example.com', '09964379451', 'jbrown339', '$2b$12$rVZmfkN8sDcHTaB/HHXwQuZbU7FUAEVM6NYzHNCHw9MYEWNURycVi', NULL, 'customer', '2025-10-24 15:10:58'),
(345, 'Susan', 'Robinson', 'susan.robinson340@example.com', '09610639245', 'srobinson340', '$2b$12$rVZmfkN8sDcHTaB/HHXwQuZbU7FUAEVM6NYzHNCHw9MYEWNURycVi', NULL, 'customer', '2025-10-24 15:10:58'),
(346, 'Brenda', 'Mendoza', 'brenda.mendoza341@example.com', '09304112571', 'bmendoza341', '$2b$12$rVZmfkN8sDcHTaB/HHXwQuZbU7FUAEVM6NYzHNCHw9MYEWNURycVi', NULL, 'customer', '2025-10-24 15:10:58'),
(347, 'James', 'Hamilton', 'james.hamilton342@example.com', '09388437089', 'jhamilton342', '$2b$12$rVZmfkN8sDcHTaB/HHXwQuZbU7FUAEVM6NYzHNCHw9MYEWNURycVi', NULL, 'customer', '2025-10-24 15:10:58'),
(348, 'Nicholas', 'Case', 'nicholas.case343@example.com', '09638958929', 'ncase343', '$2b$12$rVZmfkN8sDcHTaB/HHXwQuZbU7FUAEVM6NYzHNCHw9MYEWNURycVi', NULL, 'customer', '2025-10-24 15:10:58'),
(349, 'John', 'House', 'john.house344@example.com', '09680730087', 'jhouse344', '$2b$12$rVZmfkN8sDcHTaB/HHXwQuZbU7FUAEVM6NYzHNCHw9MYEWNURycVi', NULL, 'customer', '2025-10-24 15:10:58'),
(350, 'Ronald', 'Love', 'ronald.love345@example.com', '09478145330', 'rlove345', '$2b$12$rVZmfkN8sDcHTaB/HHXwQuZbU7FUAEVM6NYzHNCHw9MYEWNURycVi', NULL, 'customer', '2025-10-24 15:10:58'),
(351, 'Carrie', 'Daniels', 'carrie.daniels346@example.com', '09356039323', 'cdaniels346', '$2b$12$rVZmfkN8sDcHTaB/HHXwQuZbU7FUAEVM6NYzHNCHw9MYEWNURycVi', NULL, 'customer', '2025-10-24 15:10:58'),
(352, 'Anna', 'Reynolds', 'anna.reynolds347@example.com', '09124077932', 'areynolds347', '$2b$12$rVZmfkN8sDcHTaB/HHXwQuZbU7FUAEVM6NYzHNCHw9MYEWNURycVi', NULL, 'customer', '2025-10-24 15:10:58'),
(353, 'Patty', 'Reyes', 'patty.reyes348@example.com', '09199874716', 'preyes348', '$2b$12$rVZmfkN8sDcHTaB/HHXwQuZbU7FUAEVM6NYzHNCHw9MYEWNURycVi', NULL, 'customer', '2025-10-24 15:10:58'),
(354, 'Jasmine', 'Jensen', 'jasmine.jensen349@example.com', '09371472052', 'jjensen349', '$2b$12$rVZmfkN8sDcHTaB/HHXwQuZbU7FUAEVM6NYzHNCHw9MYEWNURycVi', NULL, 'customer', '2025-10-24 15:10:58'),
(355, 'Justin', 'Shaw', 'justin.shaw350@example.com', '09507238187', 'jshaw350', '$2b$12$rVZmfkN8sDcHTaB/HHXwQuZbU7FUAEVM6NYzHNCHw9MYEWNURycVi', NULL, 'customer', '2025-10-24 15:10:58'),
(356, 'Michelle', 'Mcknight', 'michelle.mcknight351@example.com', '09494225009', 'mmcknight351', '$2b$12$rVZmfkN8sDcHTaB/HHXwQuZbU7FUAEVM6NYzHNCHw9MYEWNURycVi', NULL, 'customer', '2025-10-24 15:10:58'),
(357, 'Julia', 'Walker', 'julia.walker352@example.com', '09443307540', 'jwalker352', '$2b$12$rVZmfkN8sDcHTaB/HHXwQuZbU7FUAEVM6NYzHNCHw9MYEWNURycVi', NULL, 'customer', '2025-10-24 15:10:58'),
(358, 'Jasmine', 'Summers', 'jasmine.summers353@example.com', '09196142756', 'jsummers353', '$2b$12$rVZmfkN8sDcHTaB/HHXwQuZbU7FUAEVM6NYzHNCHw9MYEWNURycVi', NULL, 'customer', '2025-10-24 15:10:58'),
(359, 'Alex', 'Nguyen', 'alex.nguyen354@example.com', '09571098872', 'anguyen354', '$2b$12$rVZmfkN8sDcHTaB/HHXwQuZbU7FUAEVM6NYzHNCHw9MYEWNURycVi', NULL, 'customer', '2025-10-24 15:10:58'),
(360, 'Gregory', 'Merritt', 'gregory.merritt355@example.com', '09990576824', 'gmerritt355', '$2b$12$rVZmfkN8sDcHTaB/HHXwQuZbU7FUAEVM6NYzHNCHw9MYEWNURycVi', NULL, 'customer', '2025-10-24 15:10:58'),
(361, 'Diana', 'Vazquez', 'diana.vazquez356@example.com', '09904378245', 'dvazquez356', '$2b$12$rVZmfkN8sDcHTaB/HHXwQuZbU7FUAEVM6NYzHNCHw9MYEWNURycVi', NULL, 'customer', '2025-10-24 15:10:58'),
(362, 'Matthew', 'Brown', 'matthew.brown357@example.com', '09770721919', 'mbrown357', '$2b$12$rVZmfkN8sDcHTaB/HHXwQuZbU7FUAEVM6NYzHNCHw9MYEWNURycVi', NULL, 'customer', '2025-10-24 15:10:58'),
(363, 'Kathy', 'Camacho', 'kathy.camacho358@example.com', '09793173181', 'kcamacho358', '$2b$12$rVZmfkN8sDcHTaB/HHXwQuZbU7FUAEVM6NYzHNCHw9MYEWNURycVi', NULL, 'customer', '2025-10-24 15:10:58'),
(364, 'Daniel', 'Villa', 'daniel.villa359@example.com', '09672907014', 'dvilla359', '$2b$12$rVZmfkN8sDcHTaB/HHXwQuZbU7FUAEVM6NYzHNCHw9MYEWNURycVi', NULL, 'customer', '2025-10-24 15:10:58'),
(365, 'Adam', 'Olson', 'adam.olson360@example.com', '09860670596', 'aolson360', '$2b$12$rVZmfkN8sDcHTaB/HHXwQuZbU7FUAEVM6NYzHNCHw9MYEWNURycVi', NULL, 'customer', '2025-10-24 15:10:58'),
(366, 'Corey', 'Paul', 'corey.paul361@example.com', '09248368769', 'cpaul361', '$2b$12$rVZmfkN8sDcHTaB/HHXwQuZbU7FUAEVM6NYzHNCHw9MYEWNURycVi', NULL, 'customer', '2025-10-24 15:10:58'),
(367, 'Kelly', 'Nelson', 'kelly.nelson362@example.com', '09836997427', 'knelson362', '$2b$12$rVZmfkN8sDcHTaB/HHXwQuZbU7FUAEVM6NYzHNCHw9MYEWNURycVi', NULL, 'customer', '2025-10-24 15:10:58'),
(368, 'Cynthia', 'Sanchez', 'cynthia.sanchez363@example.com', '09679722735', 'csanchez363', '$2b$12$rVZmfkN8sDcHTaB/HHXwQuZbU7FUAEVM6NYzHNCHw9MYEWNURycVi', NULL, 'customer', '2025-10-24 15:10:58'),
(369, 'Kim', 'Day', 'kim.day364@example.com', '09911360186', 'kday364', '$2b$12$rVZmfkN8sDcHTaB/HHXwQuZbU7FUAEVM6NYzHNCHw9MYEWNURycVi', NULL, 'customer', '2025-10-24 15:10:58'),
(370, 'Mitchell', 'Page', 'mitchell.page365@example.com', '09492408751', 'mpage365', '$2b$12$rVZmfkN8sDcHTaB/HHXwQuZbU7FUAEVM6NYzHNCHw9MYEWNURycVi', NULL, 'customer', '2025-10-24 15:10:58'),
(371, 'Ashley', 'Henderson', 'ashley.henderson366@example.com', '09377313500', 'ahenderson366', '$2b$12$rVZmfkN8sDcHTaB/HHXwQuZbU7FUAEVM6NYzHNCHw9MYEWNURycVi', NULL, 'customer', '2025-10-24 15:10:58'),
(372, 'Anthony', 'Turner', 'anthony.turner367@example.com', '09865220608', 'aturner367', '$2b$12$rVZmfkN8sDcHTaB/HHXwQuZbU7FUAEVM6NYzHNCHw9MYEWNURycVi', NULL, 'customer', '2025-10-24 15:10:58'),
(373, 'Cindy', 'Alvarez', 'cindy.alvarez368@example.com', '09697947194', 'calvarez368', '$2b$12$rVZmfkN8sDcHTaB/HHXwQuZbU7FUAEVM6NYzHNCHw9MYEWNURycVi', NULL, 'customer', '2025-10-24 15:10:58'),
(374, 'Jennifer', 'Vang', 'jennifer.vang369@example.com', '09883970676', 'jvang369', '$2b$12$rVZmfkN8sDcHTaB/HHXwQuZbU7FUAEVM6NYzHNCHw9MYEWNURycVi', NULL, 'customer', '2025-10-24 15:10:58'),
(375, 'Kimberly', 'Escobar', 'kimberly.escobar370@example.com', '09907918128', 'kescobar370', '$2b$12$rVZmfkN8sDcHTaB/HHXwQuZbU7FUAEVM6NYzHNCHw9MYEWNURycVi', NULL, 'customer', '2025-10-24 15:10:58'),
(376, 'Kimberly', 'Stevens', 'kimberly.stevens371@example.com', '09648357018', 'kstevens371', '$2b$12$rVZmfkN8sDcHTaB/HHXwQuZbU7FUAEVM6NYzHNCHw9MYEWNURycVi', NULL, 'customer', '2025-10-24 15:10:58'),
(377, 'Melissa', 'Reed', 'melissa.reed372@example.com', '09887172796', 'mreed372', '$2b$12$rVZmfkN8sDcHTaB/HHXwQuZbU7FUAEVM6NYzHNCHw9MYEWNURycVi', NULL, 'customer', '2025-10-24 15:10:58'),
(378, 'Ricardo', 'Hancock', 'ricardo.hancock373@example.com', '09941788157', 'rhancock373', '$2b$12$rVZmfkN8sDcHTaB/HHXwQuZbU7FUAEVM6NYzHNCHw9MYEWNURycVi', NULL, 'customer', '2025-10-24 15:10:59'),
(379, 'Alexander', 'Higgins', 'alexander.higgins374@example.com', '09647731413', 'ahiggins374', '$2b$12$rVZmfkN8sDcHTaB/HHXwQuZbU7FUAEVM6NYzHNCHw9MYEWNURycVi', NULL, 'customer', '2025-10-24 15:10:59'),
(380, 'Ashley', 'Mills', 'ashley.mills375@example.com', '09376443435', 'amills375', '$2b$12$rVZmfkN8sDcHTaB/HHXwQuZbU7FUAEVM6NYzHNCHw9MYEWNURycVi', NULL, 'customer', '2025-10-24 15:10:59'),
(381, 'Jane', 'Nash', 'jane.nash376@example.com', '09894704545', 'jnash376', '$2b$12$rVZmfkN8sDcHTaB/HHXwQuZbU7FUAEVM6NYzHNCHw9MYEWNURycVi', NULL, 'customer', '2025-10-24 15:10:59'),
(382, 'David', 'Franklin', 'david.franklin377@example.com', '09568702777', 'dfranklin377', '$2b$12$rVZmfkN8sDcHTaB/HHXwQuZbU7FUAEVM6NYzHNCHw9MYEWNURycVi', NULL, 'customer', '2025-10-24 15:10:59'),
(383, 'Patrick', 'Mitchell', 'patrick.mitchell378@example.com', '09149720712', 'pmitchell378', '$2b$12$rVZmfkN8sDcHTaB/HHXwQuZbU7FUAEVM6NYzHNCHw9MYEWNURycVi', NULL, 'customer', '2025-10-24 15:10:59'),
(384, 'Lori', 'Johnson', 'lori.johnson379@example.com', '09881178844', 'ljohnson379', '$2b$12$rVZmfkN8sDcHTaB/HHXwQuZbU7FUAEVM6NYzHNCHw9MYEWNURycVi', NULL, 'customer', '2025-10-24 15:10:59'),
(385, 'Ana', 'Jones', 'ana.jones380@example.com', '09257094930', 'ajones380', '$2b$12$rVZmfkN8sDcHTaB/HHXwQuZbU7FUAEVM6NYzHNCHw9MYEWNURycVi', NULL, 'customer', '2025-10-24 15:10:59'),
(386, 'Jessica', 'Henson', 'jessica.henson381@example.com', '09299852146', 'jhenson381', '$2b$12$rVZmfkN8sDcHTaB/HHXwQuZbU7FUAEVM6NYzHNCHw9MYEWNURycVi', NULL, 'customer', '2025-10-24 15:10:59'),
(387, 'Michelle', 'Caldwell', 'michelle.caldwell382@example.com', '09515245936', 'mcaldwell382', '$2b$12$rVZmfkN8sDcHTaB/HHXwQuZbU7FUAEVM6NYzHNCHw9MYEWNURycVi', NULL, 'customer', '2025-10-24 15:10:59'),
(388, 'Melissa', 'Smith', 'melissa.smith383@example.com', '09112325897', 'msmith383', '$2b$12$rVZmfkN8sDcHTaB/HHXwQuZbU7FUAEVM6NYzHNCHw9MYEWNURycVi', NULL, 'customer', '2025-10-24 15:10:59'),
(389, 'Michelle', 'Santos', 'michelle.santos384@example.com', '09254183832', 'msantos384', '$2b$12$rVZmfkN8sDcHTaB/HHXwQuZbU7FUAEVM6NYzHNCHw9MYEWNURycVi', NULL, 'customer', '2025-10-24 15:10:59'),
(390, 'Carol', 'Jones', 'carol.jones385@example.com', '09677804564', 'cjones385', '$2b$12$rVZmfkN8sDcHTaB/HHXwQuZbU7FUAEVM6NYzHNCHw9MYEWNURycVi', NULL, 'customer', '2025-10-24 15:10:59'),
(391, 'Laurie', 'Moore', 'laurie.moore386@example.com', '09743939062', 'lmoore386', '$2b$12$rVZmfkN8sDcHTaB/HHXwQuZbU7FUAEVM6NYzHNCHw9MYEWNURycVi', NULL, 'customer', '2025-10-24 15:10:59'),
(392, 'Tammy', 'Ponce', 'tammy.ponce387@example.com', '09352040321', 'tponce387', '$2b$12$rVZmfkN8sDcHTaB/HHXwQuZbU7FUAEVM6NYzHNCHw9MYEWNURycVi', NULL, 'customer', '2025-10-24 15:10:59'),
(393, 'Patricia', 'Costa', 'patricia.costa388@example.com', '09384275613', 'pcosta388', '$2b$12$rVZmfkN8sDcHTaB/HHXwQuZbU7FUAEVM6NYzHNCHw9MYEWNURycVi', NULL, 'customer', '2025-10-24 15:10:59'),
(394, 'Sara', 'Bailey', 'sara.bailey389@example.com', '09714779823', 'sbailey389', '$2b$12$rVZmfkN8sDcHTaB/HHXwQuZbU7FUAEVM6NYzHNCHw9MYEWNURycVi', NULL, 'customer', '2025-10-24 15:10:59'),
(395, 'Mario', 'Wilson', 'mario.wilson390@example.com', '09341535022', 'mwilson390', '$2b$12$rVZmfkN8sDcHTaB/HHXwQuZbU7FUAEVM6NYzHNCHw9MYEWNURycVi', NULL, 'customer', '2025-10-24 15:10:59'),
(396, 'Steve', 'Mcclain', 'steve.mcclain391@example.com', '09186405252', 'smcclain391', '$2b$12$rVZmfkN8sDcHTaB/HHXwQuZbU7FUAEVM6NYzHNCHw9MYEWNURycVi', NULL, 'customer', '2025-10-24 15:10:59'),
(397, 'Daniel', 'Blair', 'daniel.blair392@example.com', '09259882074', 'dblair392', '$2b$12$rVZmfkN8sDcHTaB/HHXwQuZbU7FUAEVM6NYzHNCHw9MYEWNURycVi', NULL, 'customer', '2025-10-24 15:10:59'),
(398, 'Mary', 'Cummings', 'mary.cummings393@example.com', '09937611515', 'mcummings393', '$2b$12$rVZmfkN8sDcHTaB/HHXwQuZbU7FUAEVM6NYzHNCHw9MYEWNURycVi', NULL, 'customer', '2025-10-24 15:10:59'),
(399, 'Lisa', 'Fernandez', 'lisa.fernandez394@example.com', '09274229632', 'lfernandez394', '$2b$12$rVZmfkN8sDcHTaB/HHXwQuZbU7FUAEVM6NYzHNCHw9MYEWNURycVi', NULL, 'customer', '2025-10-24 15:10:59'),
(400, 'Alejandro', 'Myers', 'alejandro.myers395@example.com', '09132084241', 'amyers395', '$2b$12$rVZmfkN8sDcHTaB/HHXwQuZbU7FUAEVM6NYzHNCHw9MYEWNURycVi', NULL, 'customer', '2025-10-24 15:10:59'),
(401, 'Courtney', 'Mason', 'courtney.mason396@example.com', '09729016957', 'cmason396', '$2b$12$rVZmfkN8sDcHTaB/HHXwQuZbU7FUAEVM6NYzHNCHw9MYEWNURycVi', NULL, 'customer', '2025-10-24 15:10:59'),
(402, 'Stephanie', 'Vargas', 'stephanie.vargas397@example.com', '09746842122', 'svargas397', '$2b$12$rVZmfkN8sDcHTaB/HHXwQuZbU7FUAEVM6NYzHNCHw9MYEWNURycVi', NULL, 'customer', '2025-10-24 15:10:59'),
(403, 'Jessica', 'Gardner', 'jessica.gardner398@example.com', '09346491406', 'jgardner398', '$2b$12$rVZmfkN8sDcHTaB/HHXwQuZbU7FUAEVM6NYzHNCHw9MYEWNURycVi', NULL, 'customer', '2025-10-24 15:10:59'),
(404, 'Joseph', 'Callahan', 'joseph.callahan399@example.com', '09871912465', 'jcallahan399', '$2b$12$rVZmfkN8sDcHTaB/HHXwQuZbU7FUAEVM6NYzHNCHw9MYEWNURycVi', NULL, 'customer', '2025-10-24 15:10:59'),
(405, 'Scott', 'Martinez', 'scott.martinez400@example.com', '09366322593', 'smartinez400', '$2b$12$rVZmfkN8sDcHTaB/HHXwQuZbU7FUAEVM6NYzHNCHw9MYEWNURycVi', NULL, 'customer', '2025-10-24 15:10:59'),
(406, 'Kristi', 'Velasquez', 'kristi.velasquez401@example.com', '09255936470', 'kvelasquez401', '$2b$12$rVZmfkN8sDcHTaB/HHXwQuZbU7FUAEVM6NYzHNCHw9MYEWNURycVi', NULL, 'customer', '2025-10-24 15:10:59'),
(407, 'Rebecca', 'Floyd', 'rebecca.floyd402@example.com', '09714203723', 'rfloyd402', '$2b$12$rVZmfkN8sDcHTaB/HHXwQuZbU7FUAEVM6NYzHNCHw9MYEWNURycVi', NULL, 'customer', '2025-10-24 15:10:59'),
(408, 'Rachel', 'Martinez', 'rachel.martinez403@example.com', '09554490192', 'rmartinez403', '$2b$12$rVZmfkN8sDcHTaB/HHXwQuZbU7FUAEVM6NYzHNCHw9MYEWNURycVi', NULL, 'customer', '2025-10-24 15:10:59'),
(409, 'James', 'Medina', 'james.medina404@example.com', '09220857140', 'jmedina404', '$2b$12$rVZmfkN8sDcHTaB/HHXwQuZbU7FUAEVM6NYzHNCHw9MYEWNURycVi', NULL, 'customer', '2025-10-24 15:10:59'),
(410, 'Linda', 'Andrews', 'linda.andrews405@example.com', '09740207992', 'landrews405', '$2b$12$rVZmfkN8sDcHTaB/HHXwQuZbU7FUAEVM6NYzHNCHw9MYEWNURycVi', NULL, 'customer', '2025-10-24 15:10:59'),
(411, 'Melanie', 'Barber', 'melanie.barber406@example.com', '09713813675', 'mbarber406', '$2b$12$rVZmfkN8sDcHTaB/HHXwQuZbU7FUAEVM6NYzHNCHw9MYEWNURycVi', NULL, 'customer', '2025-10-24 15:10:59'),
(412, 'Briana', 'Hughes', 'briana.hughes407@example.com', '09885917491', 'bhughes407', '$2b$12$rVZmfkN8sDcHTaB/HHXwQuZbU7FUAEVM6NYzHNCHw9MYEWNURycVi', NULL, 'customer', '2025-10-24 15:10:59'),
(413, 'April', 'Smith', 'april.smith408@example.com', '09946076959', 'asmith408', '$2b$12$rVZmfkN8sDcHTaB/HHXwQuZbU7FUAEVM6NYzHNCHw9MYEWNURycVi', NULL, 'customer', '2025-10-24 15:10:59'),
(414, 'Phillip', 'Santiago', 'phillip.santiago409@example.com', '09776201393', 'psantiago409', '$2b$12$rVZmfkN8sDcHTaB/HHXwQuZbU7FUAEVM6NYzHNCHw9MYEWNURycVi', NULL, 'customer', '2025-10-24 15:10:59'),
(415, 'Andrew', 'Wells', 'andrew.wells410@example.com', '09505684164', 'awells410', '$2b$12$rVZmfkN8sDcHTaB/HHXwQuZbU7FUAEVM6NYzHNCHw9MYEWNURycVi', NULL, 'customer', '2025-10-24 15:10:59'),
(416, 'Stuart', 'Lewis', 'stuart.lewis411@example.com', '09220937811', 'slewis411', '$2b$12$rVZmfkN8sDcHTaB/HHXwQuZbU7FUAEVM6NYzHNCHw9MYEWNURycVi', NULL, 'customer', '2025-10-24 15:10:59'),
(417, 'Michele', 'Davis', 'michele.davis412@example.com', '09269118370', 'mdavis412', '$2b$12$rVZmfkN8sDcHTaB/HHXwQuZbU7FUAEVM6NYzHNCHw9MYEWNURycVi', NULL, 'customer', '2025-10-24 15:10:59'),
(418, 'David', 'Alexander', 'david.alexander413@example.com', '09569412029', 'dalexander413', '$2b$12$rVZmfkN8sDcHTaB/HHXwQuZbU7FUAEVM6NYzHNCHw9MYEWNURycVi', NULL, 'customer', '2025-10-24 15:10:59'),
(419, 'Frank', 'Ramirez', 'frank.ramirez414@example.com', '09641925614', 'framirez414', '$2b$12$rVZmfkN8sDcHTaB/HHXwQuZbU7FUAEVM6NYzHNCHw9MYEWNURycVi', NULL, 'customer', '2025-10-24 15:10:59'),
(420, 'Julia', 'Leblanc', 'julia.leblanc415@example.com', '09530859381', 'jleblanc415', '$2b$12$rVZmfkN8sDcHTaB/HHXwQuZbU7FUAEVM6NYzHNCHw9MYEWNURycVi', NULL, 'customer', '2025-10-24 15:10:59'),
(421, 'Natasha', 'Morrison', 'natasha.morrison416@example.com', '09234356339', 'nmorrison416', '$2b$12$rVZmfkN8sDcHTaB/HHXwQuZbU7FUAEVM6NYzHNCHw9MYEWNURycVi', NULL, 'customer', '2025-10-24 15:10:59'),
(422, 'Sharon', 'Lewis', 'sharon.lewis417@example.com', '09605354654', 'slewis417', '$2b$12$rVZmfkN8sDcHTaB/HHXwQuZbU7FUAEVM6NYzHNCHw9MYEWNURycVi', NULL, 'customer', '2025-10-24 15:10:59'),
(423, 'Jenny', 'Perez', 'jenny.perez418@example.com', '09169535837', 'jperez418', '$2b$12$rVZmfkN8sDcHTaB/HHXwQuZbU7FUAEVM6NYzHNCHw9MYEWNURycVi', NULL, 'customer', '2025-10-24 15:10:59'),
(424, 'John', 'Ortiz', 'john.ortiz419@example.com', '09391862373', 'jortiz419', '$2b$12$rVZmfkN8sDcHTaB/HHXwQuZbU7FUAEVM6NYzHNCHw9MYEWNURycVi', NULL, 'customer', '2025-10-24 15:10:59'),
(425, 'Roger', 'Dixon', 'roger.dixon420@example.com', '09134510107', 'rdixon420', '$2b$12$rVZmfkN8sDcHTaB/HHXwQuZbU7FUAEVM6NYzHNCHw9MYEWNURycVi', NULL, 'customer', '2025-10-24 15:10:59'),
(426, 'Alyssa', 'Vasquez', 'alyssa.vasquez421@example.com', '09856968052', 'avasquez421', '$2b$12$rVZmfkN8sDcHTaB/HHXwQuZbU7FUAEVM6NYzHNCHw9MYEWNURycVi', NULL, 'customer', '2025-10-24 15:10:59'),
(427, 'Lisa', 'Davis', 'lisa.davis422@example.com', '09636511991', 'ldavis422', '$2b$12$rVZmfkN8sDcHTaB/HHXwQuZbU7FUAEVM6NYzHNCHw9MYEWNURycVi', NULL, 'customer', '2025-10-24 15:10:59'),
(428, 'Lori', 'Hill', 'lori.hill423@example.com', '09227764979', 'lhill423', '$2b$12$rVZmfkN8sDcHTaB/HHXwQuZbU7FUAEVM6NYzHNCHw9MYEWNURycVi', NULL, 'customer', '2025-10-24 15:10:59'),
(429, 'Jason', 'Forbes', 'jason.forbes424@example.com', '09440260058', 'jforbes424', '$2b$12$rVZmfkN8sDcHTaB/HHXwQuZbU7FUAEVM6NYzHNCHw9MYEWNURycVi', NULL, 'customer', '2025-10-24 15:10:59'),
(430, 'Francisco', 'Hodge', 'francisco.hodge425@example.com', '09900267442', 'fhodge425', '$2b$12$rVZmfkN8sDcHTaB/HHXwQuZbU7FUAEVM6NYzHNCHw9MYEWNURycVi', NULL, 'customer', '2025-10-24 15:10:59'),
(431, 'Brian', 'Adams', 'brian.adams426@example.com', '09847008703', 'badams426', '$2b$12$rVZmfkN8sDcHTaB/HHXwQuZbU7FUAEVM6NYzHNCHw9MYEWNURycVi', NULL, 'customer', '2025-10-24 15:10:59'),
(432, 'Christopher', 'Williams', 'christopher.williams427@example.com', '09848237947', 'cwilliams427', '$2b$12$rVZmfkN8sDcHTaB/HHXwQuZbU7FUAEVM6NYzHNCHw9MYEWNURycVi', NULL, 'customer', '2025-10-24 15:10:59'),
(433, 'Alejandro', 'Thompson', 'alejandro.thompson428@example.com', '09316066512', 'athompson428', '$2b$12$rVZmfkN8sDcHTaB/HHXwQuZbU7FUAEVM6NYzHNCHw9MYEWNURycVi', NULL, 'customer', '2025-10-24 15:10:59'),
(434, 'Rebecca', 'Mckinney', 'rebecca.mckinney429@example.com', '09260365844', 'rmckinney429', '$2b$12$rVZmfkN8sDcHTaB/HHXwQuZbU7FUAEVM6NYzHNCHw9MYEWNURycVi', NULL, 'customer', '2025-10-24 15:10:59'),
(435, 'Michael', 'Mccarthy', 'michael.mccarthy430@example.com', '09705594767', 'mmccarthy430', '$2b$12$rVZmfkN8sDcHTaB/HHXwQuZbU7FUAEVM6NYzHNCHw9MYEWNURycVi', NULL, 'customer', '2025-10-24 15:10:59'),
(436, 'Thomas', 'Brown', 'thomas.brown431@example.com', '09435835028', 'tbrown431', '$2b$12$rVZmfkN8sDcHTaB/HHXwQuZbU7FUAEVM6NYzHNCHw9MYEWNURycVi', NULL, 'customer', '2025-10-24 15:10:59'),
(437, 'Marilyn', 'Scott', 'marilyn.scott432@example.com', '09382351949', 'mscott432', '$2b$12$rVZmfkN8sDcHTaB/HHXwQuZbU7FUAEVM6NYzHNCHw9MYEWNURycVi', NULL, 'customer', '2025-10-24 15:10:59'),
(438, 'Erin', 'Pugh', 'erin.pugh433@example.com', '09841964198', 'epugh433', '$2b$12$rVZmfkN8sDcHTaB/HHXwQuZbU7FUAEVM6NYzHNCHw9MYEWNURycVi', NULL, 'customer', '2025-10-24 15:10:59'),
(439, 'Kathleen', 'Williams', 'kathleen.williams434@example.com', '09345204199', 'kwilliams434', '$2b$12$rVZmfkN8sDcHTaB/HHXwQuZbU7FUAEVM6NYzHNCHw9MYEWNURycVi', NULL, 'customer', '2025-10-24 15:10:59'),
(440, 'Bryan', 'Strong', 'bryan.strong435@example.com', '09453857859', 'bstrong435', '$2b$12$rVZmfkN8sDcHTaB/HHXwQuZbU7FUAEVM6NYzHNCHw9MYEWNURycVi', NULL, 'customer', '2025-10-24 15:10:59'),
(441, 'Paul', 'Todd', 'paul.todd436@example.com', '09996181704', 'ptodd436', '$2b$12$rVZmfkN8sDcHTaB/HHXwQuZbU7FUAEVM6NYzHNCHw9MYEWNURycVi', NULL, 'customer', '2025-10-24 15:10:59'),
(442, 'James', 'Bailey', 'james.bailey437@example.com', '09659434480', 'jbailey437', '$2b$12$rVZmfkN8sDcHTaB/HHXwQuZbU7FUAEVM6NYzHNCHw9MYEWNURycVi', NULL, 'customer', '2025-10-24 15:10:59'),
(443, 'Robert', 'Montes', 'robert.montes438@example.com', '09171657286', 'rmontes438', '$2b$12$rVZmfkN8sDcHTaB/HHXwQuZbU7FUAEVM6NYzHNCHw9MYEWNURycVi', NULL, 'customer', '2025-10-24 15:10:59'),
(444, 'Erin', 'Peterson', 'erin.peterson439@example.com', '09272274782', 'epeterson439', '$2b$12$rVZmfkN8sDcHTaB/HHXwQuZbU7FUAEVM6NYzHNCHw9MYEWNURycVi', NULL, 'customer', '2025-10-24 15:10:59'),
(445, 'Shannon', 'Price', 'shannon.price440@example.com', '09940721056', 'sprice440', '$2b$12$rVZmfkN8sDcHTaB/HHXwQuZbU7FUAEVM6NYzHNCHw9MYEWNURycVi', NULL, 'customer', '2025-10-24 15:10:59'),
(446, 'Anthony', 'Combs', 'anthony.combs441@example.com', '09650794922', 'acombs441', '$2b$12$rVZmfkN8sDcHTaB/HHXwQuZbU7FUAEVM6NYzHNCHw9MYEWNURycVi', NULL, 'customer', '2025-10-24 15:10:59'),
(447, 'Tanya', 'Thomas', 'tanya.thomas442@example.com', '09871388573', 'tthomas442', '$2b$12$rVZmfkN8sDcHTaB/HHXwQuZbU7FUAEVM6NYzHNCHw9MYEWNURycVi', NULL, 'customer', '2025-10-24 15:10:59'),
(448, 'Amber', 'Nelson', 'amber.nelson443@example.com', '09834495565', 'anelson443', '$2b$12$rVZmfkN8sDcHTaB/HHXwQuZbU7FUAEVM6NYzHNCHw9MYEWNURycVi', NULL, 'customer', '2025-10-24 15:10:59'),
(449, 'Nicole', 'Parker', 'nicole.parker444@example.com', '09927862007', 'nparker444', '$2b$12$rVZmfkN8sDcHTaB/HHXwQuZbU7FUAEVM6NYzHNCHw9MYEWNURycVi', NULL, 'customer', '2025-10-24 15:10:59'),
(450, 'Brett', 'Rodriguez', 'brett.rodriguez445@example.com', '09833799611', 'brodriguez445', '$2b$12$rVZmfkN8sDcHTaB/HHXwQuZbU7FUAEVM6NYzHNCHw9MYEWNURycVi', NULL, 'customer', '2025-10-24 15:10:59'),
(451, 'Ronnie', 'Cline', 'ronnie.cline446@example.com', '09370516198', 'rcline446', '$2b$12$rVZmfkN8sDcHTaB/HHXwQuZbU7FUAEVM6NYzHNCHw9MYEWNURycVi', NULL, 'customer', '2025-10-24 15:10:59'),
(452, 'Stephen', 'White', 'stephen.white447@example.com', '09491913180', 'swhite447', '$2b$12$rVZmfkN8sDcHTaB/HHXwQuZbU7FUAEVM6NYzHNCHw9MYEWNURycVi', NULL, 'customer', '2025-10-24 15:10:59'),
(453, 'Victor', 'Li', 'victor.li448@example.com', '09278937495', 'vli448', '$2b$12$rVZmfkN8sDcHTaB/HHXwQuZbU7FUAEVM6NYzHNCHw9MYEWNURycVi', NULL, 'customer', '2025-10-24 15:10:59'),
(454, 'Nicole', 'Christian', 'nicole.christian449@example.com', '09996527650', 'nchristian449', '$2b$12$rVZmfkN8sDcHTaB/HHXwQuZbU7FUAEVM6NYzHNCHw9MYEWNURycVi', NULL, 'customer', '2025-10-24 15:10:59'),
(455, 'Cheryl', 'Macdonald', 'cheryl.macdonald450@example.com', '09269535942', 'cmacdonald450', '$2b$12$rVZmfkN8sDcHTaB/HHXwQuZbU7FUAEVM6NYzHNCHw9MYEWNURycVi', NULL, 'customer', '2025-10-24 15:10:59'),
(456, 'Veronica', 'Riley', 'veronica.riley451@example.com', '09553277959', 'vriley451', '$2b$12$rVZmfkN8sDcHTaB/HHXwQuZbU7FUAEVM6NYzHNCHw9MYEWNURycVi', NULL, 'customer', '2025-10-24 15:10:59'),
(457, 'Jennifer', 'Johnson', 'jennifer.johnson452@example.com', '09698301023', 'jjohnson452', '$2b$12$rVZmfkN8sDcHTaB/HHXwQuZbU7FUAEVM6NYzHNCHw9MYEWNURycVi', NULL, 'customer', '2025-10-24 15:10:59'),
(458, 'Katherine', 'Martinez', 'katherine.martinez453@example.com', '09106364703', 'kmartinez453', '$2b$12$rVZmfkN8sDcHTaB/HHXwQuZbU7FUAEVM6NYzHNCHw9MYEWNURycVi', NULL, 'customer', '2025-10-24 15:10:59'),
(459, 'Ariana', 'Buchanan', 'ariana.buchanan454@example.com', '09318081026', 'abuchanan454', '$2b$12$rVZmfkN8sDcHTaB/HHXwQuZbU7FUAEVM6NYzHNCHw9MYEWNURycVi', NULL, 'customer', '2025-10-24 15:10:59'),
(460, 'Robert', 'Wood', 'robert.wood455@example.com', '09257596178', 'rwood455', '$2b$12$rVZmfkN8sDcHTaB/HHXwQuZbU7FUAEVM6NYzHNCHw9MYEWNURycVi', NULL, 'customer', '2025-10-24 15:10:59'),
(461, 'Manuel', 'Costa', 'manuel.costa456@example.com', '09280164981', 'mcosta456', '$2b$12$rVZmfkN8sDcHTaB/HHXwQuZbU7FUAEVM6NYzHNCHw9MYEWNURycVi', NULL, 'customer', '2025-10-24 15:10:59'),
(462, 'Marilyn', 'Farmer', 'marilyn.farmer457@example.com', '09113964317', 'mfarmer457', '$2b$12$rVZmfkN8sDcHTaB/HHXwQuZbU7FUAEVM6NYzHNCHw9MYEWNURycVi', NULL, 'customer', '2025-10-24 15:10:59'),
(463, 'Arthur', 'Conrad', 'arthur.conrad458@example.com', '09536069374', 'aconrad458', '$2b$12$rVZmfkN8sDcHTaB/HHXwQuZbU7FUAEVM6NYzHNCHw9MYEWNURycVi', NULL, 'customer', '2025-10-24 15:10:59'),
(464, 'Anthony', 'Wilson', 'anthony.wilson459@example.com', '09733786499', 'awilson459', '$2b$12$rVZmfkN8sDcHTaB/HHXwQuZbU7FUAEVM6NYzHNCHw9MYEWNURycVi', NULL, 'customer', '2025-10-24 15:10:59'),
(465, 'Kristin', 'Clark', 'kristin.clark460@example.com', '09948785455', 'kclark460', '$2b$12$rVZmfkN8sDcHTaB/HHXwQuZbU7FUAEVM6NYzHNCHw9MYEWNURycVi', NULL, 'customer', '2025-10-24 15:10:59'),
(466, 'Latasha', 'Mcneil', 'latasha.mcneil461@example.com', '09917530497', 'lmcneil461', '$2b$12$rVZmfkN8sDcHTaB/HHXwQuZbU7FUAEVM6NYzHNCHw9MYEWNURycVi', NULL, 'customer', '2025-10-24 15:10:59'),
(467, 'Brittney', 'Perez', 'brittney.perez462@example.com', '09535796926', 'bperez462', '$2b$12$rVZmfkN8sDcHTaB/HHXwQuZbU7FUAEVM6NYzHNCHw9MYEWNURycVi', NULL, 'customer', '2025-10-24 15:10:59'),
(468, 'William', 'Lee', 'william.lee463@example.com', '09932908588', 'wlee463', '$2b$12$rVZmfkN8sDcHTaB/HHXwQuZbU7FUAEVM6NYzHNCHw9MYEWNURycVi', NULL, 'customer', '2025-10-24 15:10:59'),
(469, 'Dustin', 'Walker', 'dustin.walker464@example.com', '09187689673', 'dwalker464', '$2b$12$rVZmfkN8sDcHTaB/HHXwQuZbU7FUAEVM6NYzHNCHw9MYEWNURycVi', NULL, 'customer', '2025-10-24 15:10:59'),
(470, 'Judith', 'Walker', 'judith.walker465@example.com', '09139974872', 'jwalker465', '$2b$12$rVZmfkN8sDcHTaB/HHXwQuZbU7FUAEVM6NYzHNCHw9MYEWNURycVi', NULL, 'customer', '2025-10-24 15:10:59'),
(471, 'Russell', 'Adkins', 'russell.adkins466@example.com', '09856828530', 'radkins466', '$2b$12$rVZmfkN8sDcHTaB/HHXwQuZbU7FUAEVM6NYzHNCHw9MYEWNURycVi', NULL, 'customer', '2025-10-24 15:10:59'),
(472, 'Scott', 'Sharp', 'scott.sharp467@example.com', '09380491497', 'ssharp467', '$2b$12$rVZmfkN8sDcHTaB/HHXwQuZbU7FUAEVM6NYzHNCHw9MYEWNURycVi', NULL, 'customer', '2025-10-24 15:10:59'),
(473, 'Brenda', 'Miller', 'brenda.miller468@example.com', '09350222547', 'bmiller468', '$2b$12$rVZmfkN8sDcHTaB/HHXwQuZbU7FUAEVM6NYzHNCHw9MYEWNURycVi', NULL, 'customer', '2025-10-24 15:10:59'),
(474, 'Jeanette', 'Morris', 'jeanette.morris469@example.com', '09751301372', 'jmorris469', '$2b$12$rVZmfkN8sDcHTaB/HHXwQuZbU7FUAEVM6NYzHNCHw9MYEWNURycVi', NULL, 'customer', '2025-10-24 15:10:59'),
(475, 'Greg', 'Solis', 'greg.solis470@example.com', '09632564880', 'gsolis470', '$2b$12$rVZmfkN8sDcHTaB/HHXwQuZbU7FUAEVM6NYzHNCHw9MYEWNURycVi', NULL, 'customer', '2025-10-24 15:10:59'),
(476, 'Kevin', 'Griffin', 'kevin.griffin471@example.com', '09561158789', 'kgriffin471', '$2b$12$rVZmfkN8sDcHTaB/HHXwQuZbU7FUAEVM6NYzHNCHw9MYEWNURycVi', NULL, 'customer', '2025-10-24 15:10:59'),
(477, 'Christopher', 'Welch', 'christopher.welch472@example.com', '09343351494', 'cwelch472', '$2b$12$rVZmfkN8sDcHTaB/HHXwQuZbU7FUAEVM6NYzHNCHw9MYEWNURycVi', NULL, 'customer', '2025-10-24 15:10:59'),
(478, 'Susan', 'Meza', 'susan.meza473@example.com', '09579515158', 'smeza473', '$2b$12$rVZmfkN8sDcHTaB/HHXwQuZbU7FUAEVM6NYzHNCHw9MYEWNURycVi', NULL, 'customer', '2025-10-24 15:10:59'),
(479, 'Bruce', 'Peters', 'bruce.peters474@example.com', '09489752630', 'bpeters474', '$2b$12$rVZmfkN8sDcHTaB/HHXwQuZbU7FUAEVM6NYzHNCHw9MYEWNURycVi', NULL, 'customer', '2025-10-24 15:10:59'),
(480, 'Matthew', 'Hill', 'matthew.hill475@example.com', '09106657715', 'mhill475', '$2b$12$rVZmfkN8sDcHTaB/HHXwQuZbU7FUAEVM6NYzHNCHw9MYEWNURycVi', NULL, 'customer', '2025-10-24 15:10:59'),
(481, 'Charles', 'Vasquez', 'charles.vasquez476@example.com', '09437102225', 'cvasquez476', '$2b$12$rVZmfkN8sDcHTaB/HHXwQuZbU7FUAEVM6NYzHNCHw9MYEWNURycVi', NULL, 'customer', '2025-10-24 15:10:59'),
(482, 'Denise', 'Moore', 'denise.moore477@example.com', '09435739606', 'dmoore477', '$2b$12$rVZmfkN8sDcHTaB/HHXwQuZbU7FUAEVM6NYzHNCHw9MYEWNURycVi', NULL, 'customer', '2025-10-24 15:10:59'),
(483, 'Paula', 'Baker', 'paula.baker478@example.com', '09358887199', 'pbaker478', '$2b$12$rVZmfkN8sDcHTaB/HHXwQuZbU7FUAEVM6NYzHNCHw9MYEWNURycVi', NULL, 'customer', '2025-10-24 15:10:59'),
(484, 'David', 'Burgess', 'david.burgess479@example.com', '09360333793', 'dburgess479', '$2b$12$rVZmfkN8sDcHTaB/HHXwQuZbU7FUAEVM6NYzHNCHw9MYEWNURycVi', NULL, 'customer', '2025-10-24 15:10:59'),
(485, 'Nicole', 'Smith', 'nicole.smith480@example.com', '09817423368', 'nsmith480', '$2b$12$rVZmfkN8sDcHTaB/HHXwQuZbU7FUAEVM6NYzHNCHw9MYEWNURycVi', NULL, 'customer', '2025-10-24 15:10:59'),
(486, 'Michael', 'Thompson', 'michael.thompson481@example.com', '09363273657', 'mthompson481', '$2b$12$rVZmfkN8sDcHTaB/HHXwQuZbU7FUAEVM6NYzHNCHw9MYEWNURycVi', NULL, 'customer', '2025-10-24 15:10:59'),
(487, 'Jerry', 'Gray', 'jerry.gray482@example.com', '09417834385', 'jgray482', '$2b$12$rVZmfkN8sDcHTaB/HHXwQuZbU7FUAEVM6NYzHNCHw9MYEWNURycVi', NULL, 'customer', '2025-10-24 15:10:59'),
(488, 'Jacqueline', 'Alexander', 'jacqueline.alexander483@example.com', '09424725761', 'jalexander483', '$2b$12$rVZmfkN8sDcHTaB/HHXwQuZbU7FUAEVM6NYzHNCHw9MYEWNURycVi', NULL, 'customer', '2025-10-24 15:10:59'),
(489, 'Antonio', 'Peters', 'antonio.peters484@example.com', '09261259543', 'apeters484', '$2b$12$rVZmfkN8sDcHTaB/HHXwQuZbU7FUAEVM6NYzHNCHw9MYEWNURycVi', NULL, 'customer', '2025-10-24 15:10:59'),
(490, 'Ronald', 'Johnson', 'ronald.johnson485@example.com', '09306410400', 'rjohnson485', '$2b$12$rVZmfkN8sDcHTaB/HHXwQuZbU7FUAEVM6NYzHNCHw9MYEWNURycVi', NULL, 'customer', '2025-10-24 15:10:59'),
(491, 'Melanie', 'Chung', 'melanie.chung486@example.com', '09730557377', 'mchung486', '$2b$12$rVZmfkN8sDcHTaB/HHXwQuZbU7FUAEVM6NYzHNCHw9MYEWNURycVi', NULL, 'customer', '2025-10-24 15:10:59'),
(492, 'Ashley', 'Duncan', 'ashley.duncan487@example.com', '09504382414', 'aduncan487', '$2b$12$rVZmfkN8sDcHTaB/HHXwQuZbU7FUAEVM6NYzHNCHw9MYEWNURycVi', NULL, 'customer', '2025-10-24 15:10:59'),
(493, 'Cindy', 'Singh', 'cindy.singh488@example.com', '09178098690', 'csingh488', '$2b$12$rVZmfkN8sDcHTaB/HHXwQuZbU7FUAEVM6NYzHNCHw9MYEWNURycVi', NULL, 'customer', '2025-10-24 15:10:59'),
(494, 'John', 'Mitchell', 'john.mitchell489@example.com', '09524709330', 'jmitchell489', '$2b$12$rVZmfkN8sDcHTaB/HHXwQuZbU7FUAEVM6NYzHNCHw9MYEWNURycVi', NULL, 'customer', '2025-10-24 15:10:59'),
(495, 'Caitlyn', 'Ayala', 'caitlyn.ayala490@example.com', '09125390085', 'cayala490', '$2b$12$rVZmfkN8sDcHTaB/HHXwQuZbU7FUAEVM6NYzHNCHw9MYEWNURycVi', NULL, 'customer', '2025-10-24 15:10:59'),
(496, 'Kristi', 'Graves', 'kristi.graves491@example.com', '09341107586', 'kgraves491', '$2b$12$rVZmfkN8sDcHTaB/HHXwQuZbU7FUAEVM6NYzHNCHw9MYEWNURycVi', NULL, 'customer', '2025-10-24 15:10:59'),
(497, 'Richard', 'Peterson', 'richard.peterson492@example.com', '09640805349', 'rpeterson492', '$2b$12$rVZmfkN8sDcHTaB/HHXwQuZbU7FUAEVM6NYzHNCHw9MYEWNURycVi', NULL, 'customer', '2025-10-24 15:10:59'),
(498, 'Amy', 'Fleming', 'amy.fleming493@example.com', '09545747502', 'afleming493', '$2b$12$rVZmfkN8sDcHTaB/HHXwQuZbU7FUAEVM6NYzHNCHw9MYEWNURycVi', NULL, 'customer', '2025-10-24 15:10:59'),
(499, 'Jason', 'Stewart', 'jason.stewart494@example.com', '09881433921', 'jstewart494', '$2b$12$rVZmfkN8sDcHTaB/HHXwQuZbU7FUAEVM6NYzHNCHw9MYEWNURycVi', NULL, 'customer', '2025-10-24 15:10:59'),
(500, 'Howard', 'Johnson', 'howard.johnson495@example.com', '09350043430', 'hjohnson495', '$2b$12$rVZmfkN8sDcHTaB/HHXwQuZbU7FUAEVM6NYzHNCHw9MYEWNURycVi', NULL, 'customer', '2025-10-24 15:10:59'),
(501, 'Michelle', 'Johnson', 'michelle.johnson496@example.com', '09958284056', 'mjohnson496', '$2b$12$rVZmfkN8sDcHTaB/HHXwQuZbU7FUAEVM6NYzHNCHw9MYEWNURycVi', NULL, 'customer', '2025-10-24 15:10:59'),
(502, 'Joshua', 'Miller', 'joshua.miller497@example.com', '09258003119', 'jmiller497', '$2b$12$rVZmfkN8sDcHTaB/HHXwQuZbU7FUAEVM6NYzHNCHw9MYEWNURycVi', NULL, 'customer', '2025-10-24 15:10:59'),
(503, 'Courtney', 'Torres', 'courtney.torres498@example.com', '09131248823', 'ctorres498', '$2b$12$rVZmfkN8sDcHTaB/HHXwQuZbU7FUAEVM6NYzHNCHw9MYEWNURycVi', NULL, 'customer', '2025-10-24 15:10:59'),
(504, 'Kristina', 'Brown', 'kristina.brown499@example.com', '09381727736', 'kbrown499', '$2b$12$rVZmfkN8sDcHTaB/HHXwQuZbU7FUAEVM6NYzHNCHw9MYEWNURycVi', NULL, 'customer', '2025-10-24 15:10:59'),
(505, 'Natalie', 'Edwards', 'natalie.edwards500@example.com', '09419489728', 'nedwards500', '$2b$12$rVZmfkN8sDcHTaB/HHXwQuZbU7FUAEVM6NYzHNCHw9MYEWNURycVi', NULL, 'customer', '2025-10-24 15:10:59'),
(506, 'System', 'Admin', 'admin@trimbook.com', NULL, 'superadmin', '$2y$10$9P297ZzKvf3AiRgVnET5VeExI2mYGUIp6nvUYvtTIykwh1dj/jPGG', NULL, 'admin', '2025-10-25 12:11:31'),
(507, 'Ivoon', 'Cheen', '', '09386399531', 'ivoonc750', '$2y$10$jk56ypbaQs8WLPNMlzoSKOKbSPLiBZbbIyTuO4cFLNCewCi29Ovf2', NULL, 'customer', '2025-10-27 02:41:45');

-- --------------------------------------------------------

--
-- Structure for view `barber_details`
--
DROP TABLE IF EXISTS `barber_details`;

CREATE ALGORITHM=UNDEFINED DEFINER=`root`@`localhost` SQL SECURITY DEFINER VIEW `barber_details`  AS SELECT `b`.`barber_id` AS `barber_id`, concat(`u`.`first_name`,' ',`u`.`last_name`) AS `barber_name`, `b`.`specialization` AS `specialization`, `b`.`experience_years` AS `experience_years` FROM (`barbers` `b` join `users` `u` on(`b`.`user_id` = `u`.`user_id`)) ;

--
-- Indexes for dumped tables
--

--
-- Indexes for table `appointments`
--
ALTER TABLE `appointments`
  ADD PRIMARY KEY (`appointment_id`),
  ADD KEY `customer_user_id` (`customer_user_id`),
  ADD KEY `barber_id` (`barber_id`),
  ADD KEY `service_id` (`service_id`);

--
-- Indexes for table `barbers`
--
ALTER TABLE `barbers`
  ADD PRIMARY KEY (`barber_id`),
  ADD UNIQUE KEY `user_id` (`user_id`);

--
-- Indexes for table `feedback`
--
ALTER TABLE `feedback`
  ADD PRIMARY KEY (`feedback_id`),
  ADD UNIQUE KEY `appointment_id` (`appointment_id`),
  ADD KEY `customer_user_id` (`customer_user_id`),
  ADD KEY `barber_id` (`barber_id`);

--
-- Indexes for table `password_reset_actions`
--
ALTER TABLE `password_reset_actions`
  ADD PRIMARY KEY (`id`),
  ADD KEY `idx_request_id` (`request_id`),
  ADD KEY `idx_admin_id` (`admin_id`);

--
-- Indexes for table `password_reset_requests`
--
ALTER TABLE `password_reset_requests`
  ADD PRIMARY KEY (`id`),
  ADD KEY `idx_email` (`email`),
  ADD KEY `idx_status` (`status`),
  ADD KEY `idx_submitted_at` (`submitted_at`);

--
-- Indexes for table `schedules`
--
ALTER TABLE `schedules`
  ADD PRIMARY KEY (`schedule_id`),
  ADD KEY `barber_id` (`barber_id`);

--
-- Indexes for table `services`
--
ALTER TABLE `services`
  ADD PRIMARY KEY (`service_id`);

--
-- Indexes for table `trimbook_contact`
--
ALTER TABLE `trimbook_contact`
  ADD PRIMARY KEY (`id`);

--
-- Indexes for table `users`
--
ALTER TABLE `users`
  ADD PRIMARY KEY (`user_id`),
  ADD UNIQUE KEY `email` (`email`),
  ADD UNIQUE KEY `username` (`username`);

--
-- AUTO_INCREMENT for dumped tables
--

--
-- AUTO_INCREMENT for table `appointments`
--
ALTER TABLE `appointments`
  MODIFY `appointment_id` int(11) NOT NULL AUTO_INCREMENT, AUTO_INCREMENT=12;

--
-- AUTO_INCREMENT for table `barbers`
--
ALTER TABLE `barbers`
  MODIFY `barber_id` int(11) NOT NULL AUTO_INCREMENT, AUTO_INCREMENT=4;

--
-- AUTO_INCREMENT for table `feedback`
--
ALTER TABLE `feedback`
  MODIFY `feedback_id` int(11) NOT NULL AUTO_INCREMENT, AUTO_INCREMENT=3;

--
-- AUTO_INCREMENT for table `password_reset_actions`
--
ALTER TABLE `password_reset_actions`
  MODIFY `id` int(11) NOT NULL AUTO_INCREMENT, AUTO_INCREMENT=6;

--
-- AUTO_INCREMENT for table `password_reset_requests`
--
ALTER TABLE `password_reset_requests`
  MODIFY `id` int(11) NOT NULL AUTO_INCREMENT, AUTO_INCREMENT=7;

--
-- AUTO_INCREMENT for table `schedules`
--
ALTER TABLE `schedules`
  MODIFY `schedule_id` int(11) NOT NULL AUTO_INCREMENT, AUTO_INCREMENT=28;

--
-- AUTO_INCREMENT for table `services`
--
ALTER TABLE `services`
  MODIFY `service_id` int(11) NOT NULL AUTO_INCREMENT, AUTO_INCREMENT=4;

--
-- AUTO_INCREMENT for table `trimbook_contact`
--
ALTER TABLE `trimbook_contact`
  MODIFY `id` int(11) NOT NULL AUTO_INCREMENT, AUTO_INCREMENT=4;

--
-- AUTO_INCREMENT for table `users`
--
ALTER TABLE `users`
  MODIFY `user_id` int(11) NOT NULL AUTO_INCREMENT, AUTO_INCREMENT=508;

--
-- Constraints for dumped tables
--

--
-- Constraints for table `appointments`
--
ALTER TABLE `appointments`
  ADD CONSTRAINT `appointments_ibfk_1` FOREIGN KEY (`customer_user_id`) REFERENCES `users` (`user_id`) ON DELETE CASCADE,
  ADD CONSTRAINT `appointments_ibfk_2` FOREIGN KEY (`barber_id`) REFERENCES `barbers` (`barber_id`) ON DELETE CASCADE,
  ADD CONSTRAINT `appointments_ibfk_3` FOREIGN KEY (`service_id`) REFERENCES `services` (`service_id`);

--
-- Constraints for table `barbers`
--
ALTER TABLE `barbers`
  ADD CONSTRAINT `barbers_ibfk_1` FOREIGN KEY (`user_id`) REFERENCES `users` (`user_id`) ON DELETE CASCADE;

--
-- Constraints for table `feedback`
--
ALTER TABLE `feedback`
  ADD CONSTRAINT `feedback_ibfk_1` FOREIGN KEY (`appointment_id`) REFERENCES `appointments` (`appointment_id`) ON DELETE CASCADE,
  ADD CONSTRAINT `feedback_ibfk_2` FOREIGN KEY (`customer_user_id`) REFERENCES `users` (`user_id`) ON DELETE CASCADE,
  ADD CONSTRAINT `feedback_ibfk_3` FOREIGN KEY (`barber_id`) REFERENCES `barbers` (`barber_id`) ON DELETE CASCADE;

--
-- Constraints for table `password_reset_actions`
--
ALTER TABLE `password_reset_actions`
  ADD CONSTRAINT `password_reset_actions_ibfk_1` FOREIGN KEY (`request_id`) REFERENCES `password_reset_requests` (`id`) ON DELETE CASCADE;

--
-- Constraints for table `schedules`
--
ALTER TABLE `schedules`
  ADD CONSTRAINT `schedules_ibfk_1` FOREIGN KEY (`barber_id`) REFERENCES `barbers` (`barber_id`) ON DELETE CASCADE;
COMMIT;

/*!40101 SET CHARACTER_SET_CLIENT=@OLD_CHARACTER_SET_CLIENT */;
/*!40101 SET CHARACTER_SET_RESULTS=@OLD_CHARACTER_SET_RESULTS */;
/*!40101 SET COLLATION_CONNECTION=@OLD_COLLATION_CONNECTION */;
